도서관명,행정구역,주소
EG글숲 작은도서관,부산광역시 기장군,"부산광역시 기장군 정관읍 정관1로 18, (이지 더원1차 아파트)108동 내"
GRACE작은도서관,부산광역시 연제구,"부산광역시 연제구 중앙천로 4, (연산동)3층"
Gateway 작은도서관,부산광역시 금정구,"부산광역시 금정구 동현로 122, (서동)동신교회 2층"
LG메트로작은쌈지도서관,부산광역시 남구,"부산광역시 남구 신선로 566-2, (용호동)용호동현장민원실4층"
NFBook,부산광역시 수영구,"부산광역시 수영구 광일로 27, (광안동)6층"
e-편한세상 작은도서관,부산광역시 수영구,부산 수영구 망미동좌수영로 192 수영강변3차 e편한세상APT
닑다작은도서관,부산광역시 중구,"부산광역시 중구 대청로 61-2, (보수동1가)보수동책방골목문화관 6층 ？다 작은도서관"
가락동새마을문고회,부산광역시 강서구,"부산광역시 강서구 가락대로 1476, (죽림동)가락동 행정복지센터"
가람뫼푸른꿈작은도서관,부산광역시 서구,"부산광역시 해운대구 재반로226번길 72, (반여동, 현대일성아파트)현대일성아파트상가 202호"
가야감고개공원작은도서관,부산광역시 부산진구,"부산광역시 부산진구 가야대로548번길 109, (가야동)가야감고개공원작은도서관"
가온길 작은도서관,부산광역시 기장군,"부산광역시 기장군 정관읍 정관4로 68, (정관 협성르네상스 타운)관리동내(102동 옆)"
가화더테라스Ⅱ 작은도서관,부산광역시 기장군,"부산광역시 기장군 정관읍 구연방곡로 106, (가화만사성 더 테라스 2차)주민공동시설 2층"
가화일광타워 작은도서관,부산광역시 기장군,"부산광역시 기장군 일광면 이천10길 37, (가화일광타워)관리동 1층"
감만꿈터,부산광역시 남구,"부산광역시 남구 우암로 84-1, (감만동)감만종합사회복지관"
감천횃불작은도서관,부산광역시 사하구,"부산광역시 사하구 감내1로175번길 50, (감천동)1층"
갯마을 작은도서관,부산광역시 기장군,"부산광역시 기장군 일광면 삼성3길 17, 임해행정봉사실 내"
거제2동새마을문고작은도서관,부산광역시 연제구,부산 연제구 거제2동아시아드대로22번길 15(거제동)
고맙습니다 보물섬 작은도서관,부산광역시 사상구,"부산광역시 사상구 모라로110번길 129, (모라동)모라종합사회복지관 2층"
고맙습니다.글마루작은도서관,부산광역시 중구,"부산광역시 중구 동영로 87-1, (영주동, 고맙습니다. 글마루 작은 도서관)고맙습니다 글마루작은도서관"
고촌 지혜의 숲 작은도서관,부산광역시 기장군,"부산광역시 기장군 철마면 고촌로 58, (고촌 엘에이치 3단지 아파트)고촌LH3"
고촌LH 작은도서관,부산광역시 기장군,"부산광역시 기장군 철마면 고촌로 11, (고촌엘에이치아파트)인포넷센터내"
고촌휴먼시아 작은도서관,부산광역시 기장군,"부산광역시 기장군 철마면 고촌로44번길 16, (고촌휴먼시아1)109동 내"
공덕작은도서관,부산광역시 금정구,"부산광역시 금정구 체육공원로 705-5, (두구동)2층"
공부 작은도서관,부산광역시 기장군,"부산광역시 기장군 정관읍 달산1길 49, 2층"
공영주차장 작은도서관,부산광역시 기장군,"부산광역시 기장군 기장읍 차성동로 70, 공영주차장 내"
구서1동 작은도서관,부산광역시 금정구,"부산광역시 금정구 수림로72번길 123, (구서동)구서1동 행정복지센터"
구서꿈숲 작은도서관,부산광역시 금정구,"부산광역시 금정구 중앙대로1929번길 55, (구서동)구서동"
구서작은도서관,부산광역시 금정구,"부산광역시 금정구 금강로565번길 15, (구서동)2층"
구평예들작은도서관,부산광역시 사하구,"부산광역시 사하구 을숙도대로745번길 16, (구평동)구평예들작은도서관"
그루터기 작은도서관,부산광역시 동래구,부산광역시 동래구 여고북로 199새소망교회 3층 
그리운힐링피아도서관,부산광역시 부산진구,"부산광역시 부산진구 동천로 116, (전포동)한신밴빌딩 1106호"
그림책도서관,부산광역시 남구,"부산광역시 남구 우암로84번길 29, (감만동)동천어린이집"
극동스타클래스작은도서관,부산광역시 강서구,부산 강서구 명지동명지오션시티2로 71
글누리작은도서관,부산광역시 금정구,"부산광역시 금정구 금정로 135-1, (장전동)222-48"
글로벌도서관,부산광역시 남구,"부산광역시 남구 용호로 34, (용호동, 일신프리빌리지)글로벌어린이집"
글샘 작은도서관,부산광역시 기장군,"부산광역시 기장군 정관읍 정관2로 24, (정관신도시 휴먼시아2단지)커뮤니티센터 내(207동 옆)"
금강3차작은도서관,부산광역시 강서구,"부산광역시 강서구 명지국제5로 110, (명지동, 금강펜테리움 센트럴파크 3차)금강펜테리움 센트럴파크 3차 아파트"
금샘마을도서관,부산광역시 금정구,"부산광역시 금정구 금강로 644-1, (남산동)3층"
금정 BOOK PARK,부산광역시 금정구,"부산광역시 금정구 중앙대로 1621, (부곡동)파크랜드 2층"
금정산 SK VIEW 북카페,부산광역시 금정구,"부산 금정구 장전동713(장전동, 금정산SK VIEW아파트)"
금정온천천 작은도서관,부산광역시 금정구,"부산광역시 금정구 장전온천천로 144, (장전동)금정온천천 작은도서관"
길천마을 작은도서관,부산광역시 기장군,"부산광역시 기장군 장안읍 길천1길 37, 2층"
까치마을작은도서관,부산광역시 사하구,"부산광역시 사하구 까치고개로 50-10, (괴정동)실버힐링센터 1층"
깔깔도서관,부산광역시 수영구,"부산광역시 수영구 수영로679번길 19, (광안동)광안3동 1075-13"
꽃마을 작은도서관,부산광역시 서구,"부산광역시 서구 꽃마을로163번길 7, (서대신동3가)2층"
꽃마을작은도서관,부산광역시 해운대구,"부산광역시 해운대구 재반로282번길 112, (반여동, 현대아파트)현대아파트상가 2층"
꿈&희망작은도서관,부산광역시 해운대구,"부산광역시 해운대구 반송로 895-1, (반송동)새누리교회"
꿈그린 작은도서관,부산광역시 기장군,"부산광역시 기장군 기장읍 차성동로182번길 8, 2층"
꿈꾸는 도서관,부산광역시 동래구,"부산광역시 동래구 안연로109번길 25, (안락동)부산침례교회 3층"
꿈꾸는 작은도서관 깨끔발,부산광역시 부산진구,"부산광역시 부산진구 성지로 98-1, (초읍동)3층"
꿈꾸는작은도서관,부산광역시 사하구,"부산광역시 사하구 하신중앙로 185, (신평동)5층 꿈꾸는작은도서관"
꿈나래작은도서관,부산광역시 사상구,"부산광역시 사상구 백양대로 527, (주례동)2층"
꿈드림 작은도서관,부산광역시 금정구,부산광역시 금정구 수림로 6(에스케이아파트)관리사무소 2층
꿈마루작은도서관,부산광역시 강서구,"부산광역시 강서구 공항진입로42번길 20, (대저2동)공군 제 5공중기동비행단"
꿈사랑 작은도서관,부산광역시 기장군,"부산광역시 기장군 정관읍 정관4로 24, (정관동일스위트1차)관리동 so"
꿈샘작은도서관,부산광역시 남구,"부산광역시 남구 유엔로 1-1, (우암동, 동일아파트)상가동 203호"
꿈을담은 가화더테라스 작은도서관,부산광역시 기장군,"부산광역시 기장군 정관읍 구연방곡로 120, (정관 가화만사성 더 테라스 1차)주민공동시설 2층"
꿈의도서관,부산광역시 동구,"부산광역시 동구 홍곡남로18번길 26, (수정동)태광교회"
꿈이 자라는 작은도서관,부산광역시 남구,"부산광역시 남구 수영로219번길 59, (대연동)　교육관2층"
꿈자람 작은도서관,부산광역시 수영구,부산 수영구 광안동장대골로 56 남부 주영교회
나드림작은도서관,부산광역시 부산진구,"부산광역시 부산진구 진남로356번길 66-6, (전포동)"
나우작은도서관,부산광역시 해운대구,"부산광역시 해운대구 양운로 98, (좌동)405호"
남산정 작은도서관,부산광역시 북구,"부산광역시 북구 만덕대로155번길 86-9, (덕천동, 덕천2지구도개공아파트)bmc아파트 116동 앞 남산정종합사회복지관 2층"
남일이네작은도서관,부산광역시 서구,"부산광역시 서구 천마로 176, (남부민동)주민복합커뮤니센터 5층"
남천천신협작은도서관,부산광역시 수영구,부산광역시 수영구 남천동로 17(신용협동조합)지상5층
남항작은도서관,부산광역시 영도구,부산 영도구 남항동절영로 71
낫개작은도서관,부산광역시 사하구,"부산광역시 사하구 다대로429번길 22, (다대동)낫개작은도서관"
내리휴먼시아 작은도서관,부산광역시 기장군,"부산광역시 기장군 기장읍 소정안길 68, (내리휴먼시아)관리동내"
노을나루길작은도서관,부산광역시 사하구,부산광역시 사하구 하신번영로 377(하단2동주민센터)하단2동
뉴라이프작은도서관,부산광역시 해운대구,"부산 해운대구 좌동대천로103번길9, 대림2차상가 304호"
늘푸른 도서관,부산광역시 수영구,부산 수영구 광안동장대골로 20-5 홀트수영종합사회복지관 3층
늘푸른도서관,부산광역시 북구,"부산광역시 북구 효열로 144, (금곡동)금곡종합사회복지관 2층"
다니엘작은도서관,부산광역시 연제구,"부산광역시 연제구 과정로278번길 25, (연산동)3층"
다문화 도서관,부산광역시 사상구,"부산광역시 사상구 사상로 448, (모라동)부산은행 3층"
다문화 어린이 도서관&#39;모두&#39;,부산광역시 영도구,"부산광역시 영도구 상리로 30, (동삼동)동삼종합사회복지관"
다예작은도서관,부산광역시 해운대구,"부산광역시 해운대구 재반로242번길 42, (반여동)1층"
다원문고,부산광역시 연제구,"부산광역시 연제구 쌍미천로 61, (연산동)(연산동)1층"
닥밭골 작은 도서관,부산광역시 서구,"부산광역시 서구 보동길275번길 9, (동대신동2가)동대신2동주민센터 2층"
달산누리 작은도서관,부산광역시 기장군,"부산광역시 기장군 정관읍 산단4로 139, (정관 동원로얄듀크1차)관리동 2층(108동)"
담쟁이 작은도서관,부산광역시 영도구,"부산광역시 영도구 대교로6번길 5, (봉래동3가)봉래1동주민센터 2층"
당감1동작은도서관,부산광역시 부산진구,"부산광역시 부산진구 동평로44번길 49-6, (당감동)당감1동주민센터 별관1동"
당감2동새마을문고,부산광역시 부산진구,"부산광역시 부산진구 마철로 65, (당감동)1층"
당감뜨란채작은도서관,부산광역시 부산진구,"부산광역시 부산진구 백양산로 57, (부암동, 당감뜨란채아파트)404동 2층"
당리작은도서관,부산광역시 사하구,부산광역시 사하구 승학로 2025
당리푸르지오 푸른나무도서관,부산광역시 사하구,부산광역시 사하구 승학로71번길 30(당리푸르지오아파트)당리푸르지오아파트
대동골문화센터작은도서관,부산광역시 남구,"부산광역시 남구 황령대로319번가길 147, (대연동)대동골문화센터"
대룡 상상 작은도서관,부산광역시 기장군,"부산광역시 기장군 장안읍 대룡1길 17, 대룡마을회관"
대방2차Book적Book적작은도서관,부산광역시 강서구,"부산광역시 강서구 명지국제5로 11, (명지동, 명지 대방노블랜드 오션뷰2차)커뮤니티센터"
대신푸르지오 푸른도서관,부산광역시 서구,"부산광역시 서구 대영로38번길 11, (서대신동1가, 대신 푸르지오)대신푸르지오 푸른도서관"
대우도서실,부산광역시 금정구,"부산광역시 금정구 부산대학로 10, (부곡동, 대우아파트)관리사무소동 1층, 대우도서실"
대천 작은도서관,부산광역시 남구,"부산광역시 남구 유엔평화로47번길 125, (대연동)대천유치원 내"
대한실버회 작은도서관,부산광역시 남구,"부산광역시 남구 유엔평화로 152-2, (용당동, 용당한신문화타운)상가동 207호"
더나눔작은도서관,부산광역시 동구,"부산광역시 동구 영초윗길 48, (초량동)더나눔"
더샵 파크시티 작은도서관,부산광역시 연제구,"부산광역시 연제구 안연로 33, (연산동, 더샵 파크시티)연산동, 더샵파크시티"
더에듀팰리스부영작은도서관,부산광역시 강서구,"부산광역시 강서구 명지국제7로 110, (명지동, 더 에듀 팰리스 부영)더에듀팰리스부영아파트"
도란도란작은도서관,부산광역시 강서구,"부산광역시 강서구 명지국제5로 165, (명지동, 스위트팰리스)명지 스위트팰리스 지하1층"
도래샘 작은도서관,부산광역시 영도구,"부산광역시 영도구 중복길 458, (신선동1가)신선행복센터"
도시정원도서관,부산광역시 부산진구,"부산광역시 부산진구 양지로 19, (양정동)2층"
동래나래꿈도서관,부산광역시 동래구,"부산광역시 동래구 시실로 129, (명장동)동래안전드림센터 3층"
동매누리 작은도서관,부산광역시 사하구,부산광역시 사하구 다대로130번길 112신평동
동서남-BOOK 작은도서관,부산광역시 서구,"부산광역시 서구 해돋이로 288, (부민동3가)"
동일도서관,부산광역시 영도구,"부산광역시 영도구 함지로 17(반도보라비치타운아파트)반도보라A상가 402, 405호"
동일스위트3차 작은도서관,부산광역시 기장군,"부산광역시 기장군 정관읍 모전1길 9, (정관동일스위트3차)작은도서관"
동항작은도서관,부산광역시 남구,"부산광역시 남구 우암로75번길 7, (감만동)(감만동, 동항교회)"
동행작은도서관,부산광역시 강서구,"부산광역시 강서구 명지국제6로 288, (명지동)동행교회 1층"
두산위브더테라스 작은도서관,부산광역시 기장군,"부산광역시 기장군 정관읍 산단6로 33-8, (두산위브더테라스)주민공동시설 2층"
두산위브작은도서관,부산광역시 해운대구,"부산광역시 해운대구 해운대해변로 349-25, (중동, 해운대중동두산위브아파트)두산위브아파트"
두송작은도서관,부산광역시 사하구,"부산광역시 사하구 다대로429번길 30, (다대동)다대2동 행정복지센터"
드림작은도서관,부산광역시 북구,"부산광역시 북구 금곡대로221번길 5, (화명동)형제빌딩 4층"
드림작은도서관,부산광역시 동구,"부산광역시 동구 홍곡남로 13-3, (수정동)401호"
들꽃이야기 작은도서관,부산광역시 남구,"부산광역시 남구 수영로219번길 33, (대연동)대연동"
디딤돌작은도서관,부산광역시 수영구,"부산 수영구 민락동광안해변로 418(민락동, 센텀비치푸르지오)"
래미안해운대작은도서관,부산광역시 해운대구,"부산광역시 해운대구 좌동순환로 402, (중동, 래미안해운대)래미안해운대작은도서관"
레미안 장전,부산광역시 금정구,"부산광역시 금정구 금정로 20, (장전동, 래미안장전)생활지원센터 1층"
로고스 마을 도서관,부산광역시 남구,"부산광역시 남구 수영로 295, (대연동)세웅빌딩 8층"
로뎀나무 아래 작은 도서관,부산광역시 남구,부산 남구 문현1동고동골로 97번길 87(문현동) 샘솟는교회
롯데캐슬2차 북돋음터 작은도서관,부산광역시 기장군,"부산광역시 기장군 정관읍 정관3로 51, (정관롯데캐슬2차)정관롯데캐슬센터 내(지하주차장 215동)"
르네상스 작은도서관,부산광역시 수영구,부산 수영구 수영동수영로741번길 46 협성르네상스타운
리빙스턴 작은도서관,부산광역시 영도구,"부산광역시 영도구 남항로10번길 15, (남항동2가)리빙스턴 작은도서관"
리슈빌 작은도서관,부산광역시 기장군,"부산광역시 기장군 정관읍 정관로 513, (정관신도시 계룡리슈빌)컨트롤센터 2층"
링컨타운책벌레작은도서관,부산광역시 강서구,"부산광역시 강서구 명지오션시티10로 16, (명지동, 영어도시 퀸덤1차)림컨책벌레도서관"
마하골 길벗 작은도서관,부산광역시 사하구,부산광역시 사하구 승학로161번길 80괴정동
만나 놀이터 작은 도서관,부산광역시 수영구,"부산광역시 수영구 망미배산로24번길 54, (망미동)1층"
만디도서관(구장산푸른초장),부산광역시 해운대구,"부산광역시 해운대구 해운대로61번길 105, (반여동)지하1층"
머드레작은도서관,부산광역시 금정구,부산광역시 금정구 범어천로52번길 25-3(남산동)
명륜도서관,부산광역시 동래구,"부산광역시 동래구 명륜로 210, (명륜동)명륜로 210(명륜동 172-24), 3층"
명륜동 새마을문고,부산광역시 동래구,부산광역시 동래구 명륜로207번길 26(명륜동주민센터)명륜동주민센터
명륜아이파크 작은도서관,부산광역시 동래구,"부산광역시 동래구 명륜로 170, (명륜동, 명륜아이파크1단지)커뮤니티실"
명지2차금강작은도서관,부산광역시 강서구,"부산광역시 강서구 명지국제5로 109, (명지동, 명지2차 금강펜테리움 센트럴파크)명지2차금강작은도서관"
명지두산작은도서관,부산광역시 강서구,"부산광역시 강서구 명지오션시티11로 22, (명지동, 명지 두산위브 포세이돈)명지두산작은도서관"
명지한신휴플러스작은도서관,부산광역시 강서구,"부산광역시 강서구 명지오션시티1로 155, (명지동, 한신 휴플러스)명지한신휴플러스작은도서관"
모라1동 작은도서관,부산광역시 사상구,"부산광역시 사상구 모라로 93, (모라동)모라1동행정복지센터"
모모작은도서관,부산광역시 사하구,부산광역시 사하구 하신번영로 135신평빌딩 501호
무양마을 작은도서관,부산광역시 기장군,"부산광역시 기장군 기장읍 무양2길 33, 무양마을회관 1층"
문현마을문고,부산광역시 남구,"부산광역시 남구 수영로39번길 35, (문현동)"
미리내 작은도서관,부산광역시 해운대구,부산 해운대구 반송동아랫반송로21번길 94-9
미리내작은도서관,부산광역시 금정구,부산광역시 금정구 금강로347번길 32(미리내행복센터)(장전동)
민들레가있는작은도서관,부산광역시 부산진구,"부산광역시 부산진구 서전로68번길 29-5, (전포동)지1층, 1층 101호, 2층 201호"
민들레작은도서관,부산광역시 부산진구,"부산광역시 부산진구 전포대로256번길 7, (전포동)SM빌딩 4층"
민들레작은도서관,부산광역시 중구,부산광역시 중구 흑교로75번길 11-1(성광교회)성광교회
민락작은도서관,부산광역시 수영구,"부산광역시 수영구 광안해변로295번길 20, (민락동)민락동"
바람길작은도서관,부산광역시 수영구,부산광역시 수영구 연수로 3854
바퀴달린 그림책 작은도서관,부산광역시 해운대구,"부산광역시 해운대구 세실로 31, (좌동)504호"
바퀴달린 그림책 작은도서관,부산광역시 연제구,"부산광역시 연제구 미남로 20, (거제동)2층(거제동)"
반송1동새마을작은도서관,부산광역시 해운대구,"부산광역시 해운대구 아랫반송로 16, (반송동)"
반송2동새마을작은도서관(나눔작은도서관),부산광역시 해운대구,부산 해운대구 반송동신반송로173 반송2동주민센터
반송문고,부산광역시 해운대구,"부산광역시 해운대구 윗반송로51번길 48-13, (반송동)반송지역아동센터"
반송온누리교회작은도서관,부산광역시 해운대구,부산광역시 해운대구 신반송로 80(엘아이지건영아파트)상가 101호
반여 꿈꾸는 어린이 도서관,부산광역시 해운대구,"부산광역시 해운대구 선수촌로21번길 21, (반여동)그린상가 2층 52호"
반여1동새마을작은도서관,부산광역시 해운대구,"부산광역시 해운대구 선수촌로 99-7, (반여동)"
반여2동새마을작은도서관,부산광역시 해운대구,"부산광역시 해운대구 재반로211번길 9, (반여동)2층"
반여3동새마을작은도서관,부산광역시 해운대구,"부산 해운대구 반여동재반로 256번길 29-70, 2층"
반여4동새마을작은도서관,부산광역시 해운대구,부산 해운대구 반여동삼어로 133번길 50
배산작은도서관,부산광역시 연제구,부산 연제구 연산6동배산북로 8(연산동)
백양산동문굿모닝힐아파트 2단지 작은도서관,부산광역시 북구,"부산광역시 북구 덕천로276번길 60, (만덕동, 백양산동문굿모닝힐)2단지 1층"
백합꽃피는작은도서관,부산광역시 북구,"부산광역시 북구 용당로20번길 15, (화명동)백합꽃피는작은도서관"
범일크로버 도서관,부산광역시 동구,"부산광역시 동구 범곡로33번길 40, (범일동)범일지역아동센터"
범천작은도서관,부산광역시 부산진구,"부산광역시 부산진구 신암로 48, (범천동)범천2동주민센터( 2층)"
법륜지혜 작은도서관,부산광역시 동래구,"부산광역시 동래구 동래로 160, (칠산동)법륜유치원 1층"
보수동책방골목어린이도서관,부산광역시 중구,"부산광역시 중구 대청로 57-16, (보수동1가)보수동책방골목 어린이도서관"
복산동 새마을문고,부산광역시 동래구,"부산광역시 동래구 복천로 1, (복천동)3층"
부곡1동 작은도서관,부산광역시 금정구,"부산광역시 금정구 동부곡로6번길 29, (부곡동)부곡1동 주민센터"
부곡4동작은도서관,부산광역시 금정구,"부산광역시 금정구 부곡로18번안길 37, (부곡동)1층 부곡4동주민센터"
부민작은도서관,부산광역시 서구,"부산광역시 서구 해돋이로 313, (부민동3가, 부민 이 편한세상)부민 이편한세상아파트"
부산광역시 여성문화회관 도서정보자료실,부산광역시 사상구,"부산광역시 사상구 학감대로 95, (학장동)1층"
부산기독교 종합사회복지관 강유두작은도서관,부산광역시 서구,"부산광역시 서구 까치고개로229번길 40, (토성동2가)2층"
부산대학교병원 작은(쌈지)도서관,부산광역시 서구,"부산광역시 서구 구덕로 179, (아미동1가)B동 1층"
부산문현교회 작은도서관,부산광역시 남구,"부산광역시 남구 고동골로 23, (문현동)부산문현교회 204호"
부산시여성회관 작은도서관,부산광역시 남구,부산 남구 대연3동수영로 356
부산연탄은행 마르지 않는 샘,부산광역시 서구,"부산광역시 서구 구덕로157번길 33-1, (아미동2가)1층"
부산의료원 작은도서관,부산광역시 연제구,"부산광역시 연제구 월드컵대로 359, (거제동)작은도서관"
북라이크 작은도서관,부산광역시 기장군,"부산광역시 기장군 기장읍 차성로390번길 23, 2층"
북라이크스토리작은도서관,부산광역시 북구,"부산광역시 북구 덕천로 135, (덕천동)3층"
북앤쉼 작은도서관,부산광역시 기장군,"부산광역시 기장군 정관읍 모전1길 52-1, 주향교회 2층"
북조아 작은 도서관,부산광역시 남구,"부산광역시 남구 동제당로 258, (우암동)남구 종합사회복지관 1동 2층"
브니엘 학습관 문고,부산광역시 남구,"부산광역시 남구 천제등로28번길 50, (대연동, 대연동 현대아파트)현대아파트 상가 3층"
비발디작은도서관,부산광역시 부산진구,"부산광역시 부산진구 전포대로 156, (전포동, 한라비발디)101동 1층"
비전도서관,부산광역시 부산진구,"부산광역시 부산진구 백양대로136번길 37-9, (당감동)당평교회 2층"
사랑나눔 작은도서관,부산광역시 사하구,"부산광역시 사하구 괴정로270번길 34, (괴정동, 협진아파트)상가 지하층"
사랑방마실,부산광역시 부산진구,"부산광역시 부산진구 당감서로100번길 100, (당감동)"
사랑의샘 작은도서관,부산광역시 동래구,"부산광역시 동래구 쇠미로221번길 3, (온천동)2층"
사랑진도서관(구달맞이도서관),부산광역시 해운대구,"부산광역시 해운대구 세실로 45, (좌동)10층일부"
사상 작은도서관,부산광역시 사상구,"부산광역시 사상구 새벽로168번길 61, (감전동)사상평생학습관"
사직1동 새마을문고,부산광역시 동래구,"부산광역시 동래구 석사로 19, (사직동)사직1동 주민센터 1층"
사직2동 새마을문고,부산광역시 동래구,"부산광역시 동래구 사직북로63번길 22, (사직동)2층"
사직3동 새마을문고,부산광역시 동래구,"부산광역시 동래구 아시아드대로154번길 79, (사직동)사직3동 행정복지센터 1층"
사하마을문고,부산광역시 사하구,부산 사하구 당리동승학로 123
산리작은도서관,부산광역시 중구,"부산광역시 중구 영주로 21, (영주동)-"
산성교회문고,부산광역시 남구,"부산광역시 남구 유엔로137번길 9, (대연동)대한예수교장로회산성교회"
상학작은도서관,부산광역시 북구,"부산광역시 북구 상학산복길 215, (만덕동)2층 상학도서관"
새마을문고 기장읍,부산광역시 기장군,"부산광역시 기장군 기장읍 차성동로5번길 10, 기장읍사무소 내"
새마을문고 일광면,부산광역시 기장군,"부산광역시 기장군 일광면 일광로 77-7, 일광면사무소 내"
새마을문고 장안읍,부산광역시 기장군,"부산광역시 기장군 장안읍 좌방길 5, 장안읍사무소 내"
새마을문고 정관읍,부산광역시 기장군,"부산광역시 기장군 정관읍 용수로 4, 정관읍사무소 내"
새마을문고 철마면,부산광역시 기장군,"부산광역시 기장군 철마면 철마로 485, 철마면사무소 내"
새사랑 작은 도서관,부산광역시 사하구,"부산광역시 사하구 사하로 151-1, (괴정동)3층"
샘물 작은도서관,부산광역시 사상구,"부산광역시 사상구 엄궁북로4번길 32-10, (엄궁동)샘물 지역아동센터"
샘터꿈의도서관,부산광역시 남구,"부산광역시 남구 조각공원로27번길 12, (대연동)샘터교회 2층"
샘터작은도서관,부산광역시 남구,"부산광역시 남구 수영로 205-12, (대연동)"
샤롯데 작은도서관,부산광역시 서구,"부산광역시 서구 대티로 161, (서대신동3가, 대신롯데캐슬)관리동 2층"
서구문화원작은도서관,부산광역시 서구,"부산광역시 서구 까치고개로197번길 46, (아미동2가)부산서구문화원 작은도서관"
서동예술작은도서관,부산광역시 금정구,"부산광역시 금정구 서동로149번길 8, (서동)1층"
서면DS협성엘리시안아파트작은도서관,부산광역시 부산진구,"부산광역시 부산진구 만리산로 11, (범천동)서면DS협성엘리시안아파트"
서연관 작은도서관,부산광역시 기장군,"부산광역시 기장군 정관읍 정관3로 52, (정관신도시 롯데캐슬)관리동 내(지하주차장 105-112동 사이)"
서희스타힐스 작은도서관,부산광역시 기장군,"부산광역시 기장군 정관읍 방곡3로 11, (서희스타힐스)아파트복지동 내(305동 맞은편)"
선두구동 작은도서관,부산광역시 금정구,"부산광역시 금정구 두구죽전1길 13, (두구동)두구동 주민센터"
센터럴파크 작은도서관,부산광역시 동래구,"부산광역시 동래구 문화로 33, (명륜동, 동래센트럴파크하이츠2차)206동 지하1층"
센텀e편한세상아파트문고,부산광역시 해운대구,"부산광역시 해운대구 해운대로76번길 55, (재송동, 센텀이편한세상아파트)센텀이편한세상아파트"
센텀롯데캐슬2차작은도서관,부산광역시 해운대구,"부산광역시 해운대구 반여로 68-12, (반여동, 센텀롯데캐슬2차아파트)센텀롯데캐슬2차아파트"
센트럴 작은도서관,부산광역시 기장군,"부산광역시 기장군 정관읍 구연방곡로 10, (정관 센트럴 파크)관리사무소 내"
소나무작은도서관,부산광역시 해운대구,"부산광역시 해운대구 재반로125번길 61, (재송동)1층"
소담북카페,부산광역시 강서구,"부산광역시 강서구 명지국제8로 289, (명지동)팔봉프라자 5층"
소정꿈나무작은도서관,부산광역시 금정구,부산 금정구 장전동소정로 19
소행성작은도서관,부산광역시 사하구,"부산광역시 사하구 옥천로75번길 14, (감천동)감천제일교회"
손수레작은도서관,부산광역시 해운대구,"부산광역시 해운대구 좌동순환로 175, (좌동)302"
솔로몬 도서관,부산광역시 남구,"부산광역시 남구 고동골로 5, (문현동)문현중앙교회"
솔로몬 작은도서관,부산광역시 기장군,"부산광역시 기장군 기장읍 대청로8번길 36, 예수사랑교회"
솔마레작은도서관,부산광역시 강서구,"부산광역시 강서구 명지오션시티12로 10, (명지동, 엘크루솔마레)엘크루솔마레 내"
솔밭작은도서관,부산광역시 북구,"부산광역시 북구 금곡대로324번길 29, (화명동)2층 솔밭도서관"
송도바다 작은도서관,부산광역시 서구,부산광역시 서구 충무대로 83(암남동주민센터)1층
송도제일교회문고,부산광역시 서구,부산광역시 서구 성산길 46송도제일교회
송정2휴먼시아작은도서관,부산광역시 해운대구,"부산 해운대구 송정동해운대로 1188, 204동 관리사무소앞"
송정도서관,부산광역시 해운대구,"부산광역시 해운대구 송정중앙로15번길 123, (송정동)"
송정동새마을작은도서관,부산광역시 해운대구,"부산광역시 해운대구 송정중앙로21번길 20, (송정동)송정동주민센터내"
수민동 새마을문고,부산광역시 동래구,"부산광역시 동래구 온천천로339번길 48, (낙민동)1층"
수정중앙문고,부산광역시 동구,"부산광역시 동구 수성로27번길 9, (수정동)수정5동 508-46"
수풀작은도서관,부산광역시 사하구,"부산광역시 사하구 다대로271번길 25, (장림동)수풀작은도서관"
수피아,부산광역시 남구,"부산광역시 남구 장고개로85번길 14-37, (문현동, 문현해운맨션)상가1층"
수학공방강장작은도서관,부산광역시 남구,"부산광역시 남구 용호로42번길 95, (용호동)해법수학학원"
숲속의 작은도서관,부산광역시 기장군,"부산광역시 기장군 철마면 고촌로18번길 20, 말씀과은혜의 교회 2층"
스위첸작은도서관,부산광역시 해운대구,부산광역시 해운대구 세실로 80(해운대케이씨씨스위첸)KCC해운대도서관
시온성작은도서관,부산광역시 북구,"부산광역시 북구 낙동대로1762번길 105, (구포동)지하1층"
신개금LG작은도서관,부산광역시 부산진구,"부산광역시 부산진구 백양대로300번길 20, (개금동, 신개금엘지아파트)작은도서관(관리사무소 2층)"
신나요 도서관,부산광역시 남구,"부산광역시 남구 유엔평화로126번길 33, (용당동)3층"
신동아파밀리에 작은도서관,부산광역시 기장군,"부산광역시 기장군 정관읍 정관5로 75, (정관 신동아파밀리에)관리사무소 내"
아인슈타인타운책벌레작은도서관,부산광역시 강서구,"부산광역시 강서구 명지오션시티11로 51, (명지동, 영어도시 퀸덤1차)308동"
안디옥작은도서관,부산광역시 사하구,"부산광역시 사하구 하신번영로207번길 13, (하단동, 석포베스트)."
안락1동 안락한 작은도서관,부산광역시 동래구,"부산광역시 동래구 안연로110번길 9, (안락동)1층"
안락2동 새마을문고,부산광역시 동래구,"부산광역시 동래구 명안로18번길 103, (안락동)안락2동 주민센터 1층"
양정1동작은도서관,부산광역시 부산진구,"부산광역시 부산진구 동평로406번길 38, (양정동)양정1동주민센터"
양정2동작은도서관,부산광역시 부산진구,"부산광역시 부산진구 양정로15번길 26, (양정동)양정2동주민센터 2층"
어깨동무책방,부산광역시 해운대구,"부산광역시 해운대구 재반로256번길 15, (반여동)효원약국 2층"
어린이&가족도서관 꿈꾸는 글나라,부산광역시 사상구,"부산광역시 사상구 낙동대로 704, (엄궁동)큐라이트빌딩 7층"
어린이도서관동화랑놀자,부산광역시 부산진구,"부산광역시 부산진구 당감서로 119, (당감동)2층 동화랑놀자"
어울림 작은도서관,부산광역시 서구,"부산광역시 서구 해돋이로 59, (남부민동)샛디커뮤니티센터 2층"
어울림마당작은도서관,부산광역시 영도구,부산 영도구 청학2동청학남로13번길 18
어진이작은도서관,부산광역시 해운대구,부산광역시 해운대구 재반로12번길 16(해운대종합사회복지관)해운대종합사회복지관
에디슨타운책벌레작은도서관,부산광역시 강서구,부산 강서구 명지동오션시티로10
에벤에셀 작은도서관,부산광역시 기장군,"부산광역시 기장군 정관읍 임곡2길 21-18, 복된교회 1층"
에일린의뜰작은도서관,부산광역시 강서구,"부산광역시 강서구 명지국제5로 60, (명지동, 에일린의뜰)에일린의뜰 내"
에코작은도서관,부산광역시 사하구,부산광역시 사하구 낙동남로 1240-10(낙동강하구에코센터탐방체험장)낙동강하구에코센터
엘림작은도서관,부산광역시 해운대구,"부산광역시 해운대구 좌동순환로433번길 35-1, (중동)해운대침례교회"
여행(동구여성친화도서관),부산광역시 동구,"부산광역시 동구 중앙대로349번길 20, (수정동)(동구문화원 내)"
연산3동 새마을문고 밤골 작은도서관,부산광역시 연제구,부산 연제구 연산동금련로 24번길 33(연산동)
연산4동새마을문고해뜰작은도서관,부산광역시 연제구,부산광역시 연제구 중앙대로1150번길 15(부산광역시장애인종합복지관)지하1층
연제가족도서원,부산광역시 연제구,부산광역시 연제구 중앙천로 35연산2동 798-1 2층
연지동작은도서관,부산광역시 부산진구,"부산광역시 부산진구 국악로 30, (연지동)연지동주민센터 2층"
열린도서관,부산광역시 부산진구,"부산광역시 부산진구 대학로 60, (가야동)부산광역시다사랑복합문화예술회관 5층"
열린문고 작은도서관,부산광역시 기장군,"부산광역시 기장군 기장읍 대청로36번길 11-12, 기장 열린교회"
열린작은도서관,부산광역시 북구,"부산광역시 북구 양달로4번길 7, (화명동)열린 작은도서관"
열매맺는작은도서관,부산광역시 연제구,"부산광역시 연제구 해맞이로 23, (거제동, 거제유림아시아드)115동(상가동) 201호"
영도구청 도서자료관,부산광역시 영도구,"부산광역시 영도구 태종로 423, (청학동)영도구청,3층"
영선2동 풀잎작은도서관,부산광역시 영도구,"부산광역시 영도구 영선대로 65, (영선동3가)영선2동주민센터"
영선나릿 작은도서관,부산광역시 영도구,"부산광역시 영도구 꿈나무길 25, (영선동1가)영선1동주민센터 지하1층"
예닮책마을 작은도서관,부산광역시 기장군,"부산광역시 기장군 기장읍 내리1길 6-2, 우리교회 내"
오뚜기 작은도서관,부산광역시 북구,"부산광역시 북구 학사로 246, (금곡동)금곡동 1883"
오른발왼발작은도서관,부산광역시 동래구,"부산광역시 동래구 안락로 136, (안락동)3층(리드앤톡 영어독서어학원)"
오작교 작은도서관,부산광역시 사하구,"부산광역시 사하구 낙동대로171번길 30-5, (괴정동)괴정3동 행정복지센터"
온고지신 작은도서관,부산광역시 동래구,"부산광역시 동래구 충렬대로126번길 39, (온천동)지상 1층"
온천1동 새마을문고,부산광역시 동래구,"부산광역시 동래구 금강로 127, (온천동)온천1동 주민센터 2층"
온천2동 새마을문고,부산광역시 동래구,"부산광역시 동래구 충렬대로107번길 28, (온천동)온천2동 주민센터 2층"
온천3동 새마을문고,부산광역시 동래구,"부산광역시 동래구 아시아드대로231번길 21, (온천동)온천3동 주민센터"
올맘도서관,부산광역시 남구,"부산광역시 남구 수영로 345, (대연동, 대연힐스테이트푸르지오)주민카페 2층"
용당꿈꾸는어린이도서관,부산광역시 남구,"부산광역시 남구 동명로 26, (용당동)현대아이파크"
우1동새마을작은도서관,부산광역시 해운대구,"부산 해운대구 우동해운대로 612, 우1동주민센터 4층"
우2동새마을작은도서관,부산광역시 해운대구,"부산광역시 해운대구 해운대로383번가길 7, (우동)우2동행정복지센터 내"
우3동새마을작은도서관,부산광역시 해운대구,"부산광역시 해운대구 해운대해변로 104, (우동)우3동작은도서관"
우리 작은도서관,부산광역시 기장군,"부산광역시 기장군 정관읍 정관로 485, 롯데캐슬프라자 8층 예안교회"
우리놀이터작은도서관,부산광역시 강서구,"부산광역시 강서구 명지국제12로 67-1, (명지동)102호"
우리동네작은도서관,부산광역시 금정구,"부산광역시 금정구 서부곡로 7, (부곡동)1층 새사람교회"
우방아이유쉘작은도서관,부산광역시 강서구,"부산광역시 강서구 화전산단4로 74, (화전동, 우방아이유쉘)명지화전우방아이유쉘"
우지작은도서관,부산광역시 금정구,"부산광역시 금정구 구서로 15, (구서동)THE VENTI 4층"
월드메르디앙 작은도서관,부산광역시 연제구,"부산광역시 연제구 거제천로 233, (거제동, 거제동월드메르디앙아파트)관리사무소 2층"
위드맘 블루밍 작은도서관,부산광역시 금정구,"부산광역시 금정구 금강로 225, (장전동, 벽산블루밍디자인시티)1층"
유엔평화기념관 작은도서관,부산광역시 남구,"부산광역시 남구 홍곡로320번길 106, (대연동)유엔평화기념관 3층"
율리작은도서관,부산광역시 북구,부산광역시 북구 화명신도시로 255(율리마을주공아파트)율리주공아파트 관리동 2층
은빛 사랑채 작은도서관,부산광역시 금정구,"부산광역시 금정구 서동로60번길 13-22, (부곡동)부곡동"
은항쉐마도서관,부산광역시 사하구,부산 사하구 장림2동두송로12
은혜도서관,부산광역시 영도구,부산 영도구 봉래동봉래쉼터길 37 제4영도교회 1층
이땅바다작은도서관,부산광역시 금정구,"부산광역시 금정구 금강로565번길 47, (구서동)3층"
이야기숲작은도서관,부산광역시 부산진구,"부산광역시 부산진구 동성로 20, (전포동)구 동성중학교 3층"
이지더원5차 꿈꾸는 작은도서관,부산광역시 기장군,"부산광역시 기장군 정관읍 방곡로 29, (이지더원5차)이지더원5차"
이진캐스빌블루1차 작은도서관,부산광역시 기장군,"부산광역시 기장군 기장읍 차성로 461, (이진캐스빌블루 1차아파트)관리동 내(정문출입구 오른쪽)"
인앤인 작은도서관,부산광역시 사하구,"부산광역시 사하구 장평로145번길 40, (장림동)2층 201호"
일광 용천 작은도서관,부산광역시 기장군,"부산광역시 기장군 일광면 화용길 206, 산수곡마을회관 2층"
일동미라주아파트작은도서관,부산광역시 해운대구,"부산광역시 해운대구 삼어로 77, (반여동, 일동미라주아파트)일동미라주아파트 관리동"
작은나무 큰숲도서관,부산광역시 남구,"부산광역시 남구 용호로159번길 10, (용호동)2층"
작은나무숲 작은도서관,부산광역시 남구,"부산광역시 남구 석포로32번길 29, (감만동)작은나무숲 작은도서관"
작은도서관 소풍,부산광역시 남구,"부산광역시 남구 용호로198번길 19, (용호동)3층"
작은도서관 솔문고,부산광역시 수영구,"부산광역시 수영구 수미로71번길 9, (망미동)1층"
작은도서관 옹달샘,부산광역시 금정구,"부산광역시 금정구 죽전1길 9, (금성동)작은도서관옹달샘"
작은도서관 참조은,부산광역시 동래구,"부산광역시 동래구 금강로 70, (온천동)참조은빌딩 5층"
작은도서관꿈여울,부산광역시 부산진구,"부산광역시 부산진구 동평로27번길 10, (당감동)백양로교회 비전센터 401호"
작은도서관꿈자람,부산광역시 부산진구,"부산광역시 부산진구 전포대로190번길 35, (전포동)전포종합사회복지관"
작은여울 도서관,부산광역시 남구,부산 남구 문현동 진남로 232번길 51
작은인문학도서관,부산광역시 해운대구,"부산광역시 해운대구 센텀중앙로 170, (재송동)2층"
장산마루작은도서관,부산광역시 해운대구,"부산광역시 해운대구 재반로118번길 47, (재송동)2층"
재반작은도서관,부산광역시 해운대구,"부산광역시 해운대구 재송2로74번길 36, (재송동)4층"
재송1동새마을작은도서관,부산광역시 해운대구,부산 해운대구 재송동재반로63번길 23
재송2동새마을작은도서관,부산광역시 해운대구,"부산광역시 해운대구 재반로125번길 26, (재송동)2층"
정관 LH4단지 작은도서관,부산광역시 기장군,"부산광역시 기장군 정관읍 산단4로 160, (정관신도시 엘에이치 4단지)LH4단지"
정관 LH5단지 작은도서관,부산광역시 기장군,"부산광역시 기장군 정관읍 산단2로 60, (정관신도시 엘에이치 5단지)LH5단지 아파트"
정관 LH7단지 작은도서관,부산광역시 기장군,"부산광역시 기장군 정관읍 모전로 41, (정관신도시 엘에이치 7단지 아파트)정관LH7아파트"
정관 가화만사성 작은도서관,부산광역시 기장군,"부산광역시 기장군 정관읍 방곡로 39, (가화만사성 정관타운)105동 내"
정관 이지더원2차 작은도서관,부산광역시 기장군,"부산광역시 기장군 정관읍 정관2로 9, (이지 더원 2차 아파트)이지 더원2차아파트"
정관 이지더원3차 작은도서관,부산광역시 기장군,"부산광역시 기장군 정관읍 정관로 350, (이지 더원 3차 아파트)308동 내 커뮤니티 센터"
정관 지혜의 숲 작은도서관,부산광역시 기장군,"부산광역시 기장군 정관읍 정관5로 12, (동원로얄듀크2차아파트)관리동 내(213동 옆)"
정관동일2차 북카페 작은도서관,부산광역시 기장군,"부산광역시 기장군 정관읍 정관3로 23, (정관동일스위트 2차)관리동 내(206동 지하2층)"
좋은소나무작은도서관,부산광역시 금정구,"부산광역시 금정구 금샘로 489, (남산동)1층"
좌1동새마을작은도서관,부산광역시 해운대구,부산 해운대구 좌동양운로91
좌2동새마을작은도서관,부산광역시 해운대구,"부산광역시 해운대구 좌동순환로 302, (좌동)3층"
좌3동새마을작은도서관,부산광역시 해운대구,"부산광역시 해운대구 좌동순환로 65, (좌동)2층"
좌4동새마을작은도서관,부산광역시 해운대구,"부산 해운대구 좌동좌동순환로181, 좌4동 주민센터내"
주례1동 작은도서관,부산광역시 사상구,"부산광역시 사상구 가야대로255번길 17, (주례동)주례1동 행정복지센터 3층"
주례쌈지작은도서관,부산광역시 사상구,"부산광역시 사상구 냉정로 10, (주례동)주례3동 행정복지센터 2층"
중1동새마을작은도서관,부산광역시 해운대구,부산 해운대구 중동중동1로 37번길 20
중2동새마을작은도서관,부산광역시 해운대구,"부산광역시 해운대구 좌동순환로433번길 34, (중동)중2동주민센터내"
중구 구정자료실 작은도서관,부산광역시 중구,"부산광역시 중구 중구로 120, (대청동1가)부산중구청 5층 구정자료실"
중흥에듀오션작은도서관,부산광역시 강서구,"부산광역시 강서구 명지국제5로 90, (명지동, 중흥S-클래스 에듀오션)중흥 s클래스 에듀오션"
지사꿈꾸는작은도서관,부산광역시 강서구,"부산광역시 강서구 과학산단2로20번길 69, (지사동, 지사금강펜테리움)지사금강펜테리움 인포넷센터"
지식의 창고 작은도서관,부산광역시 해운대구,"부산 해운대구 좌동대천로67번길12, 404호(좌동, 주공4단지상가)"
지혜의 샘,부산광역시 금정구,"부산광역시 금정구 금강로 502, (구서동, 롯데캐슬골드1단지)"
지혜의샘문고,부산광역시 부산진구,"부산광역시 부산진구 서전로58번길 16, (전포동)"
짬짬이 작은도서관,부산광역시 서구,부산광역시 서구 구덕로295번길 4(서대신골목시장 고객쉼터)고객쉼터 내
찬누리작은도서관,부산광역시 부산진구,"부산광역시 부산진구 백양산로 70, (부암동, 백양산쌍용스윗닷홈)103동 1층"
찬새미 작은도서관,부산광역시 영도구,"부산광역시 영도구 하나길 733, (봉래동5가)찬새미작은도서관"
참사랑도서관,부산광역시 남구,"부산광역시 남구 동명로101번길 81, (용호동)4층"
책갈피작은도서관,부산광역시 중구,부산 중구 보수동보수대로 124번길 24-2
책나루작은도서관,부산광역시 남구,"부산광역시 남구 용호로 189-1, (용호동)남부산제일교회"
책나무 작은도서관,부산광역시 강서구,부산광역시 강서구 대저로63번길 31(강서구종합사회복지관)1549-1
책나무그늘 작은도서관,부산광역시 남구,부산광역시 남구 용호로 38-17(일신님2차아파트)203동 1층
책누리작은도서관,부산광역시 사하구,"부산광역시 사하구 서포로30번길 26, (구평동, e편한세상 사하1차)책누리작은도서관"
책마루작은도서관,부산광역시 부산진구,"부산광역시 부산진구 신천대로241번길 41, (부암동)부암1동주민센터 1층"
책마을 보드랑 작은도서관,부산광역시 금정구,부산 금정구 서동서동로 115-1
책마을 작은도서관,부산광역시 동래구,"부산광역시 동래구 충렬대로 487, (안락동, 안락SK아파트)(안락동 472-57,안락SK@ 108동 관리사무소)"
책사랑작은도서관,부산광역시 해운대구,부산광역시 해운대구 아랫반송로50번길 47(반송제일교회)반송제일교회
책읽는 세상,부산광역시 금정구,"부산광역시 금정구 금강로 503, (구서동, 롯데캐슬골드2단지)관리사무소 2층 책읽는세상"
책읽는숲 작은도서관,부산광역시 기장군,"부산광역시 기장군 기장읍 청강로91번길 8, 새삶교회 1층"
천초작은도서관,부산광역시 해운대구,"부산광역시 해운대구 재반로64번길 62, (재송동)"
청강책쉼터 작은도서관,부산광역시 기장군,"부산광역시 기장군 기장읍 청강로 6, (청강주공아파트)마을회관 2층"
초량중앙문고,부산광역시 동구,"부산광역시 동구 구봉로59번길 18, (초량동)초량중앙교회, 초량중앙지역아동센터"
초록우산 어린이북카페,부산광역시 동구,"부산광역시 동구 수정공원로 15, (수정동)부산종합사회복지관"
초장동꿈터작은도서관,부산광역시 서구,"부산광역시 서구 초장로27번길 32, (초장동)초장동주민센터 지하층"
칠암 작은도서관,부산광역시 기장군,"부산광역시 기장군 일광면 문오성길 485-5, 회관3층"
캐슬리안북카페,부산광역시 남구,"부산광역시 남구 수영로325번길 61, (대연동, 대연동 롯데캐슬아파트)"
캐슬블루작은도서관,부산광역시 사하구,"부산광역시 사하구 다송로 23, (다대동, 다대 롯데캐슬 블루)다대 롯데캐슬 블루 내"
큰뿌리독서원,부산광역시 금정구,"부산광역시 금정구 서부곡로15번길 58, (부곡동)"
키다리작은도서관,부산광역시 동구,"부산광역시 동구 자성로 117, (범일동)지하1층"
탐구하는영어작은도서관,부산광역시 해운대구,"부산광역시 해운대구 재반로 109-9, (재송동)2층 탐구하는영어작은도서관"
푸른꿈터작은도서관,부산광역시 부산진구,"부산광역시 부산진구 동평로150번길 14, (부암동, 서면동일파크스위트1차)101동 지1층 104호"
푸른누리작은도서관,부산광역시 사하구,부산광역시 사하구 감천로83번길 26(푸른누리 작은도서관)감천동
푸른샘 작은도서관,부산광역시 기장군,"부산광역시 기장군 기장읍 차성로397번길 22, 기장세계로교회"
푸른숲도서관,부산광역시 해운대구,"부산광역시 해운대구 좌동순환로433번길 40, (중동, 해운대 양우내안애팰리스)102-3호 푸른숲교회내"
풀리페 작은도서관,부산광역시 기장군,"부산광역시 기장군 정관읍 정관5로 144, (정관 풀리페)아파트 내"
하늘사랑작은도서관,부산광역시 부산진구,"부산광역시 부산진구 대학로 79, (가야동)2층"
하단꿈길작은도서관,부산광역시 사하구,"부산광역시 사하구 동매로66번길 6, (하단동)하단꿈길 작은도서관"
하라라작은도서관,부산광역시 강서구,"부산광역시 강서구 범방5로 75, (범방동)2층"
하랑작은도서관,부산광역시 동래구,"부산광역시 동래구 미남로 28-1, (사직동)3층"
하마터면 도서관,부산광역시 부산진구,"부산광역시 부산진구 서전로47번길 48, (전포동)5층"
하울별영어작은도서관,부산광역시 부산진구,"부산광역시 부산진구 동성로87번길 3, (전포동)2층 살렘교회"
학마을 작은도서관,부산광역시 사상구,"부산광역시 사상구 학감대로49번길 28-70, (학장동)학장종합사회복지관"
한빛책나눔터 작은도서관,부산광역시 기장군,"부산광역시 기장군 장안읍 천산로 28, (고원아파트)관리사무소내"
한새마을 작은도서관,부산광역시 서구,"부산광역시 서구 대신로 27, (서대신동3가)서대신3동주민센터 3층"
한울마당 작은도서관,부산광역시 영도구,"부산광역시 영도구 와치로161번길 37, (동삼동)"
함께하는 작은도서관,부산광역시 사상구,"부산광역시 사상구 백양대로 887-26, (모라동)함께하는 교회"
함께하는작은도서관,부산광역시 북구,"부산광역시 북구 효열로 222, (금곡동)4층"
해돋이 작은도서관,부산광역시 영도구,"부산광역시 영도구 봉래길 372, (청학동)2층(청학동, 해돋이행복센터)"
해맞이작은도서관,부산광역시 연제구,"부산광역시 연제구 해맞이로43번길 36, (거제동)해맞이문화복지센터 2층"
해모로 작은도서관,부산광역시 기장군,"부산광역시 기장군 정관읍 정관로 548, (정관신도시 한진해모로)커뮤니티센터 2층"
해운어린이작은도서관,부산광역시 해운대구,부산광역시 해운대구 해운대로469번나길 60해운교회
햇빛 작은도서관,부산광역시 동래구,"부산광역시 동래구 시실로 49, (명륜동, 명륜2차아이파크아파트)-"
햇살나무작은도서관,부산광역시 사상구,"부산광역시 사상구 모라로110번길 29, (모라동)3층"
행복 작은도서관,부산광역시 기장군,"부산광역시 기장군 기장읍 차성동로122번길 10, 행복지역아동센터 내"
행복나무 작은도서관,부산광역시 사하구,부산 사하구 신평2동하신번영로 153번길 66 2층
행복마을 작은도서관,부산광역시 동래구,"부산광역시 동래구 명서로168번길 20, (명장동)1층"
행복마을작은도서관,부산광역시 부산진구,"부산광역시 부산진구 진사로83번길 21, (개금동)개금2동주민센터 2층"
행복한 영어,부산광역시 금정구,"부산광역시 금정구 팔송로 22, (남산동)남산동"
행복한 작은도서관,부산광역시 남구,"부산광역시 남구 홍곡로57번길 19, (감만동)부산광역시 남구 홍곡로57번길 25(감만동)"
향기나는 작은도서관,부산광역시 서구,"부산광역시 서구 구덕로280번길 32, (동대신동1가)동대신1동주민센터 1층"
현진에버빌 작은도서관,부산광역시 기장군,"부산광역시 기장군 정관읍 정관2로 40, (정관신도시 현진에버빌)커뮤니티센터 내(109동)"
협성숲속의작은도서관,부산광역시 강서구,"부산광역시 강서구 과학산단로306번길 10, (지사동, 협성 · DS 엘리시안)협성DS엘리시안 아파트"
호랭이마을 꿈터,부산광역시 동구,"부산광역시 동구 안창로 57, (범일동)동구종합사회복지관4층"
호반베르디움작은도서관,부산광역시 강서구,"부산광역시 강서구 명지국제5로 29, (명지동, 명지 국제신도시 호반베르디움 1차)호반베르디움1차"
홀리조이작은도서관,부산광역시 영도구,부산 영도구 봉래동1가 175 홀리조이센터 2층
화명 책나무,부산광역시 북구,"부산광역시 북구 화명신도시로 129, (화명동)골든프라자 703호"
화명수목원 숲속 작은도서관,부산광역시 북구,부산 북구 화명동산성로 299(화명수목원)
화명종합사회복지관 어린이도서관,부산광역시 북구,"부산광역시 북구 금곡대로199번길 21, (화명동)화명종합사회복지관"
화명평화도서관,부산광역시 북구,"부산광역시 북구 산성로 51, (화명동)"
회화나무작은도서관,부산광역시 사하구,부산광역시 사하구 사하로141번나길 11-1괴정동
훈민정음작은도서관,부산광역시 부산진구,"부산광역시 부산진구 동평로 65, (당감동)3층"
휴먼시아1단지 책사랑 작은도서관,부산광역시 기장군,"부산광역시 기장군 정관읍 정관4로 23, (정관신도시 휴먼시아1단지)관리사무소 2층"
휴포레작은도서관,부산광역시 강서구,"부산광역시 강서구 명지국제5로 141, (명지동, 명지 협성휴포레) 관리사무소"
희망그루터기 작은도서관,부산광역시 금정구,"부산광역시 금정구 금강로335번길 16, (장전동)3층"
희망나눔도서관,부산광역시 동구,"부산광역시 동구 초량중로 131, (수정동)동구쪽방상담소 3층"
희망풍차작은도서관,부산광역시 해운대구,"부산 해운대구 재반로151-21, 해운대청소년수련관"
힐링도서관,부산광역시 부산진구,"부산광역시 부산진구 범양로 109, (양정동)2층"
&라운지 작은도서관,서울특별시 동대문구,"서울특별시 동대문구 고산자로36길 3, (제기동)2층"
7단지 작은도서관,서울특별시 양천구,"서울특별시 양천구 목동로 212, (목동, 목동신시가지아파트7단지)    "
BIBLIOTECA,서울특별시 강남구,"서울특별시 강남구 도산대로25길 15-4, (신사동)1층"
Book Bridge 작은 도서관,서울특별시 은평구,"서울특별시 은평구 통일로 590, (녹번동, 대림아파트)B동 204호"
DMC래미안e편한세상아파트 1블럭작은도서관,서울특별시 서대문구,서울특별시 서대문구 수색로 100(DMC래미안e편한세상)1블럭 커뮤니티센터
H HOUSE 라이브러리,서울특별시 영등포구,"서울특별시 영등포구 시흥대로 595, (대림동, H HOUSE 대림 뉴스테이)201호"
K-CULTURE 작은도서관,서울특별시 양천구,"서울특별시 양천구 목동로3길 57, (신정동, 양천아파트)관리사무소 2층"
KB국민은행과 함께하는 나무작은도서관,서울특별시 노원구,"서울특별시 노원구 동일로 1405, (상계동)별관 1층"
LH 강남3단지 작은도서관,서울특별시 강남구,"서울특별시 강남구 자곡로3길 22, (자곡동, 엘에이치강남3단지)작은도서관"
LH서초3단지 행복도서관,서울특별시 서초구,"서울특별시 서초구 양재대로2길 34(엘에이치서초3단지)우면동, LH서초3단지 아파트"
LH서초4단지 작은도서관,서울특별시 서초구,"서울특별시 서초구 양재대로2길 33(엘에이치서초4단지)우면동, LH서초4단지아파트"
LH서초5단지 작은도서관,서울특별시 서초구,"서울특별시 서초구 양재대로2길 11, (우면동, 엘에이치서초5단지)LH서초5단지 작은도서관"
THE BRIDGE 작은도서관,서울특별시 송파구,"서울특별시 송파구 동남로24길 11, (오금동)2층"
U+ Library,서울특별시 용산구,"서울특별시 용산구 한강대로 32, (한강로3가)1층"
cms영어 작은도서관,서울특별시 강북구,"서울특별시 강북구 삼양로74길 70, (미아동)2층"
sk북카페 꿈땅,서울특별시 동대문구,서울특별시 동대문구 사가정로 148(SK아파트)sk아파트 내
sunplay작은도서관,서울특별시 송파구,"서울특별시 송파구 백제고분로27길 9, (삼전동)2층"
가락2동새마을문고(로즈마리 작은도서관),서울특별시 송파구,서울특별시 송파구 중대로20길 6(가락2동주민센터)1층
가락본동새마을문고(글향기작은도서관),서울특별시 송파구,서울특별시 송파구 송파대로28길 39(가락본동주민센터)동주민센터 1층
가람슬기작은도서관,서울특별시 강동구,"서울특별시 강동구 강동대로53길 76, (성내동)성내3동주민센터 1층"
가람작은도서관,서울특별시 강서구,"서울특별시 강서구 양천로57길 36, (가양동, 가양5단지아파트)가양5종합사회복지관"
가리봉동 새마을 작은도서관,서울특별시 구로구,"서울특별시 구로구 디지털로19길 22, (가리봉동)1층 가리봉동새마을작은도서관"
가양 9-1단지 작은도서관,서울특별시 강서구,"서울특별시 강서구 허준로 224, (가양동, 가양9단지아파트)관리동 2층"
가온작은도서관,서울특별시 노원구,서울특별시 노원구 노원로 530(상계10동주민센터)상계10동주민센터
가재울지혜마루,서울특별시 노원구,"서울특별시 노원구 한글비석로 97, (하계동)에너지제로주택단지 가재울지혜마루"
가좌행복작은도서관,서울특별시 마포구,"서울특별시 마포구 성암로 28, (성산동, 가좌행복주택)가좌행행복작은도서관"
갈현1동 고리마루작은도서관,서울특별시 은평구,서울특별시 은평구 갈현로 301(갈현1동청사및문화의집)갈현1동 주민센터
강남데시앙파크작은도서관,서울특별시 강동구,"서울특별시 강동구 고덕로97길 29, (강일동, 강일리버파크9단지)관리사무소 2층"
강남신동아파밀리에1단지도서관,서울특별시 강남구,"서울특별시 강남구 헌릉로590길 100, (세곡동, 강남신동아파밀리에1단지)관리동 2층"
강남한양수자인작은씨앗도서관,서울특별시 강남구,"서울특별시 강남구 자곡로 260, (자곡동, 강남한양수자인아파트)작은씨앗도서관"
강동육아누리도서관,서울특별시 강동구,서울특별시 강동구 상암로 168(강동구민회관)2층
강북새희망도서관,서울특별시 강북구,"서울특별시 강북구 삼양로91가길 2, (수유동)2층"
강서성결어린이도서관,서울특별시 양천구,서울 양천구 신월1동월정로 19길 11
강서제일어린이문고,서울특별시 양천구,서울 양천구 신월5동화곡로 10길 19
강일리버파크11단지 행복책방SH작은도서관,서울특별시 강동구,"서울특별시 강동구 고덕로97길 100, (강일동, 강일리버파크11단지)1104동 1층"
강일리버파크6단지 책향기문고,서울특별시 강동구,"서울특별시 강동구 아리수로94길 19, (강일동, 강일리버파크6단지아파트)관리사무소 2층"
개봉2동  새마을 작은도서관,서울특별시 구로구,"서울특별시 구로구 개봉로16가길 17, (개봉동)개봉2동 주민센터"
개봉3동 새마을 작은도서관,서울특별시 구로구,"서울특별시 구로구 개봉로1가길 28, (개봉동)2층"
개포4동 작은도서관,서울특별시 강남구,"서울특별시 강남구 개포로38길 12, (개포동)개포4동 주민센터"
거여1동새마을문고,서울특별시 송파구,서울특별시 송파구 오금로53길 32(거여1동주민센터)동주민센터 3층
거여2동 새마을문고(거여2동작은도서관),서울특별시 송파구,서울특별시 송파구 거마로2길 19(거여2동주민센터)2층
게냇골 작은도서관,서울특별시 강동구,"서울특별시 강동구 구천면로 633, (상일동)2층"
겨자씨 작은도서관,서울특별시 강북구,"서울특별시 강북구 삼양로27길 35, (미아동)삼양제일교회"
겸재 작은도서관,서울특별시 중랑구,"서울특별시 중랑구 중랑천로 4, (면목동)맞은편, 중랑천 뚝방길 면목동 1031-22"
경희궁자이3단지 작은도서관,서울특별시 종로구,"서울특별시 종로구 경교장길 35, (평동, 경희궁자이 3단지)경희궁자이3단지 작은도서관"
고덕리엔파크3단지 SH 작은도서관,서울특별시 강동구,서울특별시 강동구 상일로 74(고덕리엔파크3단지아파트)315동 1층
고래이야기,서울특별시 용산구,서울특별시 용산구 효창원로 157(효창맨숀아파트)효창맨숀아파트
고맙습니다 신정3동작은도서관,서울특별시 양천구,서울 양천구 신정3동중앙로 209
고맙습니다 지혜의 등대 작은도서관,서울특별시 도봉구,"서울특별시 도봉구 도봉로 552, (창동)도봉구민회관 4층"
고맙습니다 하난곡 작은도서관,서울특별시 관악구,"서울특별시 관악구 난우10가길 20-7, (신림동)2, 3층"
고운달작은도서관((구 신월1동 도서방)),서울특별시 양천구,서울 양천구 신월1동곰달래로 1길 38
고운맘작은도서관(구 신월2동 도서방),서울특별시 양천구,서울 양천구 신월2동중앙로53길47
고척1동 새마을 작은도서관,서울특별시 구로구,"서울특별시 구로구 중앙로3길 18-8, (고척동)고척1동 주민센터"
고척2동 새마을 작은도서관,서울특별시 구로구,"서울특별시 구로구 중앙로15길 22, (고척동)고척2동 주민센터"
고척교회도서관 책마을,서울특별시 구로구,서울특별시 구로구 중앙로 79(고척교회)고척교회도서관책마을
고척벽산블루밍(아) 경로당 작은도서관,서울특별시 구로구,"서울특별시 구로구 경인로 390, (고척동, 벽산블루밍아파트)경로당"
곰세마리 작은도서관,서울특별시 성북구,"서울특별시 성북구 삼선교로 54, (삼선동3가)본교회"
공덕동문고(마실길 북카페),서울특별시 마포구,서울특별시 마포구 만리재옛길 84(공덕동주민센터)
공룡어린이도서관,서울특별시 강서구,서울특별시 강서구 까치산로 144공룡어린이도서관
광석 어린이 작은도서관,서울특별시 동대문구,"서울특별시 동대문구 왕산로26길 49, (용두동)1층"
광장동 새마을작은도서관,서울특별시 광진구,서울특별시 광진구 광장로 52(광장동주민센터)2층
광장현대파크빌도서관,서울특별시 광진구,서울특별시 광진구 아차산로 549(현대파크빌아파트)아파트관리사무소 1층
광희동 작은도서관,서울특별시 중구,"서울특별시 중구 퇴계로 303-9, (광희동1가)주민센터 2층"
구로1동 새마을 작은도서관,서울특별시 구로구,"서울특별시 구로구 구일로4길 57, (구로동)구로1동주민센터 2층"
구로2동 새마을 작은도서관,서울특별시 구로구,"서울특별시 구로구 구로동로50길 10, (구로동)구로2동 자치회관"
구로4동 새마을 작은도서관,서울특별시 구로구,"서울특별시 구로구 구로동로28길 94, (구로동)구로4동 주민센터"
구로5동 새마을 작은도서관,서울특별시 구로구,"서울특별시 구로구 구로중앙로28길 66, (구로동)구로5동주민센터 2층, 구로보건소"
구로구 근로자복지센터 작은도서관,서울특별시 구로구,"서울특별시 구로구 디지털로 242, (구로동)213호"
구의1동 새마을작은도서관,서울특별시 광진구,서울특별시 광진구 광나루로36길 56(구의제1동주민센터)2층
구의2동 새마을작은도서관,서울특별시 광진구,서울특별시 광진구 천호대로136길 55(구의제2동주민센터)2층
국사봉숲속작은도서관,서울특별시 동작구,"서울특별시 동작구 양녕로23길 27, (상도동)국사봉숲속작은도서관"
국제문학작은도서관,서울특별시 광진구,"서울특별시 광진구 광나루로15길 41, (군자동)1층 101호,102호"
군자동 새마을작은도서관,서울특별시 광진구,서울특별시 광진구 군자로 151(군자동주민센터)3층
그래그래 작은도서관,서울특별시 구로구,"서울특별시 구로구 구일로8길 131, (구로동)중산빌딩 지하1층"
그루터기(신정이펜하우스2단지),서울특별시 양천구,서울 양천구 신정3동신정이펜2로 55 신정이펜하우스 2단지
그루터기작은도서관,서울특별시 은평구,"서울특별시 은평구 은평로10길 17, (응암동)2층"
그림숲그림책(청룡)작은도서관,서울특별시 관악구,"서울특별시 관악구 청룡9길 12-39, (봉천동)"
글고운 작은도서관,서울특별시 강동구,"서울특별시 강동구 성내로 13, (성내동)성내1동 주민센터 1층"
글고운SH작은도서관,서울특별시 강서구,"서울특별시 강서구 공항대로 124, (마곡동, 마곡엠밸리11단지)1102동 1층"
글놀이작은도서관,서울특별시 동대문구,"서울특별시 동대문구 약령시로 67, (제기동)2층"
글마루 작은도서관,서울특별시 강동구,"서울특별시 강동구 아리수로78길 43-12, (고덕동)고덕2동주민센터 2층"
글마루SH작은도서관,서울특별시 강서구,"서울특별시 강서구 마곡서1로 146, (마곡동, 마곡엠밸리2단지)글마루SH작은도서관"
글바라기(신정이펜하우스1단지),서울특별시 양천구,서울 양천구 신정3동신정이펜1로 51 신정이펜하우스 1단지
글벗SH작은도서관,서울특별시 송파구,"서울특별시 송파구 위례순환로 477, (장지동, 위례포레샤인23단지)2302동 1층"
글벗누리 작은도서관,서울특별시 강서구,"서울특별시 강서구 방화대로 330, (마곡동)2층"
글빛누리작은도서관,서울특별시 성북구,"서울특별시 성북구 삼선교로16길 35, (삼선동3가, 삼선 SK VIEW 아파트)삼선SK뷰(아) 105동"
글익는 작은도서관,서울특별시 강동구,"서울특별시 강동구 고덕로 137, (암사동)암사3동주민센터 3층"
글초롱작은도서관,서울특별시 구로구,서울특별시 구로구 오리로 1102-10(천왕연지타운2단지)관리동 작은도서관
글향기작은도서관,서울특별시 강동구,"서울특별시 강동구 구천면로42길 59, (천호동)천호1동주민센터 2층"
금강수목원아파트 작은 도서관,서울특별시 구로구,"서울특별시 구로구 오리로 1197, (오류동, 금강수목원아파트)금강수목원아파트, 관리사무소 건물 2층"
금빛도서관,서울특별시 노원구,서울특별시 노원구 상계로26길 20(대동청솔아파트)대동아파트 상가3층
금호1가동 북카페 책단지꿀단지,서울특별시 성동구,"서울특별시 성동구 행당로 15, (금호동1가)책단지꿀단지 1층"
금호2.3가동 어린이작은도서관,서울특별시 성동구,"서울특별시 성동구 무수막18길 1, (금호동2가)금호2,3가동주민센터 2층"
금호4가동 어린이작은도서관,서울특별시 성동구,"서울특별시 성동구 독서당로46길 26, (금호동4가)3층"
기쁨을나누는작은도서관,서울특별시 양천구,서울특별시 양천구 월정로 62(상아아름아파트)B101
기쁨이 자라는 작은도서관,서울특별시 성북구,"서울특별시 성북구 종암로9길 25, (종암동)상가 202호"
길빛,서울특별시 금천구,"서울특별시 금천구 독산로 16, (시흥동)길빛 작은도서관"
길숲도서관,서울특별시 구로구,"서울특별시 구로구 신도림로3길 19, (신도림동)새서울교회"
길음 동부센트레빌 어린이글마당,서울특별시 성북구,서울특별시 성북구 숭인로2길 61(길음동동부센트레빌아파트)관리동 1층
길음1동 새마을문고,서울특별시 성북구,"서울특별시 성북구 길음로 92, (길음동)길음1동 주민센터 3층"
길음2동 새마을문고,서울특별시 성북구,"서울특별시 성북구 삼양로2길 70, (길음동)"
길음뉴타운 푸르지오 도서관,서울특별시 성북구,서울특별시 성북구 길음로 119(길음뉴타운)1280번지 대우아파트 211동 앞
길음동 작은도서관,서울특별시 성북구,"서울특별시 성북구 길음로15길 23, (길음동)새생명교회 B1층"
김수영문학도서관,서울특별시 도봉구,"서울특별시 도봉구 해등로32길 80, (방학동)김수영문학관3층"
까망돌어린이도서관,서울특별시 동작구,"서울특별시 동작구 흑석한강로 13, (흑석동)서울남부교회"
깐 작은도서관,서울특별시 양천구,"서울특별시 양천구 지양로7길 27, (신월동)-"
꽃가람 작은도서관,서울특별시 중랑구,"서울특별시 중랑구 망우로32길 38, (면목동)2층"
꿀단지작은도서관,서울특별시 강서구,"서울특별시 강서구 마곡서1로 132, (마곡동, 마곡엠밸리3단지)상가동 2층"
꿈 익는 작은도서관,서울특별시 서초구,"서울특별시 서초구 남부순환로 2271-5, (방배동)소비코빌딩 B2F"
꿈꾸는 도서관,서울특별시 중랑구,서울특별시 중랑구 신내로19길 42(신내6단지신내아파트)꿈꾸는 도서관
꿈꾸는 도서관,서울특별시 양천구,"서울특별시 양천구 신월로24길 19, (신월동)신월종합사회복지관 4층 꿈꾸는 도서관"
꿈꾸는 작은도서관,서울특별시 중랑구,"서울특별시 중랑구 봉우재로 203-1, (망우동)3층"
꿈꾸는 작은도서관,서울특별시 강남구,"서울특별시 강남구 자곡로3길 21, (자곡동, LH강남힐스테이트)꿈꾸는 작은도서관"
꿈꾸는 작은도서관,서울특별시 송파구,서울특별시 송파구 동남로 280(성진빌딩)4층
꿈꾸는 작은도서관,서울특별시 은평구,서울특별시 은평구 진흥로1길 17지하 1층
꿈꾸는 작은도서관,서울특별시 금천구,"서울특별시 금천구 시흥대로12길 10-5, (시흥동)남부도로사업소 마을이음센터 2층"
꿈꾸는 책마을,서울특별시 용산구,서울특별시 용산구 장문로 95(보광동 주민센터)1층
꿈꾸는 평창동 작은도서관,서울특별시 종로구,"서울특별시 종로구 평창문화로 65, (평창동)평창동주민센터 2층 꿈꾸는평창동작은도서관"
꿈꾸는i작은도서관,서울특별시 은평구,서울특별시 은평구 진관3로 46(은평제일교회)은평제일교회
꿈꾸는언덕 작은도서관(천왕 1단지),서울특별시 구로구,"서울특별시 구로구 천왕로 91, (천왕동, 천왕이펜하우스1단지)천왕이펜하우스 1단지 104동 지하층 관리사무소 옆"
꿈꾸는작은도서관,서울특별시 노원구,서울특별시 노원구 석계로 59(월계1동주민센터)월계1동주민센터 2층
꿈나래 작은도서관,서울특별시 동대문구,"서울특별시 동대문구 답십리로 296, (장안동)1층"
꿈나래어린이영어도서관,서울특별시 마포구,"서울특별시 마포구 월드컵로13길 80, (망원동)2층"
꿈나무 작은도서관,서울특별시 동대문구,"서울특별시 동대문구 전농로4길 7, (답십리동)1층"
꿈나무영유아도서관,서울특별시 관악구,"서울특별시 관악구 신림로3길 35, (신림동)문화복합시설내 2층"
꿈누리작은도서관,서울특별시 강동구,"서울특별시 강동구 동남로83길 87, (고덕동)1층"
꿈담도서관,서울특별시 동작구,"서울특별시 동작구 성대로2길 9, (상도동)3층"
꿈담은작은도서관,서울특별시 은평구,"서울특별시 은평구 연서로41길 4, (불광동)꿈담은작은도서관"
꿈마루 도서관,서울특별시 동대문구,서울특별시 동대문구 이문로 55(동안교회 선교센터)
꿈마루 작은 도서관,서울특별시 은평구,"서울특별시 은평구 진흥로5길 19, (역촌동)역촌동교회"
꿈마루 작은도서관,서울특별시 구로구,"서울특별시 구로구 구로중앙로28다길 5, (구로동)대신교회 2층"
꿈밭 작은도서관,서울특별시 강남구,"서울특별시 강남구 자곡로 204-19, (자곡동)2층"
꿈빛도서관,서울특별시 마포구,"서울특별시 마포구 희우정로 109, (망원동)1층"
꿈빛작은도서관,서울특별시 강서구,"서울특별시 강서구 공항대로 140, (마곡동, 마곡엠밸리12단지)1203동 1층"
꿈사랑 도서관,서울특별시 동대문구,"서울특별시 동대문구 한천로37길 33, (답십리동, 래미안엘파인아파트)아파트내"
꿈샘 작은도서관,서울특별시 성동구,"서울특별시 성동구 매봉길 30, (옥수동)1층 꿈샘작은도서관"
꿈샘도서관,서울특별시 은평구,"서울특별시 은평구 응암로20길 24, (응암동)한성교회교육관 1층"
꿈씨어린이 작은도서관,서울특별시 금천구,"서울특별시 금천구 독산로 232, (독산동)독산4동주민센터 2층"
꿈을심는 작은도서관,서울특별시 도봉구,"서울특별시 도봉구 우이천로38라길 25-4, (쌍문동)꿈을 심는 작은도서관"
꿈을이루는작은도서관,서울특별시 마포구,서울특별시 마포구 마포대로7길 18(아현동주민센터)2층
꿈이익어가는 작은도서관,서울특별시 강북구,"서울특별시 강북구 삼양로 106-1, (미아동)1층"
꿈이있는 도서관,서울특별시 영등포구,서울특별시 영등포구 신풍로16길 1(남서울교회)
꿈이자라는땅 작은도서관,서울특별시 송파구,"서울특별시 송파구 마천로35길 19, (마천동)상원빌딩 2층"
꿈익는 책마을 어린이도서관,서울특별시 강북구,"서울특별시 강북구 삼양로47길 9, (미아동)2층"
꿈익는책마을,서울특별시 동작구,"서울특별시 동작구 상도로38길 24, (상도동)남현교회"
꿈자람책놀이터 작은도서관,서울특별시 강서구,서울특별시 강서구 개화동로21길 4(방화11단지아파트)방화11종합사회복지관
꿈지락작은도서관,서울특별시 은평구,서울특별시 은평구 진관1로 77-8(은평뉴타운폭포동아파트)401동 1층
꿈터 어린이도서관,서울특별시 성동구,"서울특별시 성동구 사근동9가길 23, (사근동)별관 2층"
꿈터 작은도서관,서울특별시 성북구,"서울특별시 성북구 정릉로36길 76-17, (정릉동)정릉교회 뒷편"
꿈터 작은도서관,서울특별시 강서구,"서울특별시 강서구 곰달래로 79, (화곡동)3층"
꿈터 작은도서관(천왕이펜 6단지),서울특별시 구로구,"서울특별시 구로구 천왕로 9, (천왕동, 천왕이펜하우스6단지)."
꿈틀도서관,서울특별시 성북구,서울특별시 성북구 종암로 214-6나눔의집 1층 꿈틀도서관
나누리 작은도서관,서울특별시 금천구,"서울특별시 금천구 금하로23길 40, (시흥동)301호"
나누리작은도서관,서울특별시 은평구,"서울특별시 은평구 진관1로 55, (진관동, 은평뉴타운 마고정)308동 지층"
나눔플러스 아름인도서관,서울특별시 도봉구,"서울특별시 도봉구 도봉로109길 40, (쌍문동)2층"
나들목가족도서관,서울특별시 동대문구,서울특별시 동대문구 안암로 6(대광고등학교)대광고 60주년 기념관 1층
나무그늘 작은도서관,서울특별시 강서구,"서울특별시 강서구 마곡서1로 100, (마곡동, 마곡엠밸리6단지)2층"
나무그늘(신정이펜하우스3단지),서울특별시 양천구,서울 양천구 신정3동신정이펜1로 50 신정이펜하우스 3단지
나무별작은도서관,서울특별시 동작구,"서울특별시 동작구 장승배기로 6, (상도동)지층"
나무와 열매 어린이 도서관,서울특별시 종로구,서울특별시 종로구 통일로 2662층 205호
낙성대공원 도서관,서울특별시 관악구,"서울특별시 관악구 낙성대로 77, (봉천동)낙성대길77"
낙성대동 우듬지 작은도서관,서울특별시 관악구,서울특별시 관악구 낙성대로4가길 5(낙성대동주민센터)4층
난곡동 책사랑 작은도서관,서울특별시 관악구,서울특별시 관악구 난곡로30길 40(난곡동주민센터)3층
난향동 뜰안에 작은도서관,서울특별시 관악구,서울특별시 관악구 난곡로 67(난향동주민센터)4층
날마다자라는나무,서울특별시 광진구,서울특별시 광진구 자양번영로4길 82층
날아라 작은도서관,서울특별시 서초구,"서울특별시 서초구 청계산로9길 1-12, (신원동, 서초포레스타6단지)작은도서관"
남가좌1동파랑새작은도서관,서울특별시 서대문구,"서울특별시 서대문구 모래내로15길 37, (남가좌동)2층"
남영동 작은도서관,서울특별시 용산구,서울특별시 용산구 두텁바위로1길 13.
남현동 우리 작은도서관,서울특별시 관악구,서울특별시 관악구 남현1가길 29(남현동복합청사)3층
내발산작은도서관,서울특별시 강서구,서울특별시 강서구 강서로52길 89(내발산동 문화센터)내발산문화센터 5층
너나울 도서관,서울특별시 서초구,"서울특별시 서초구 양재대로2길 90, (우면동, 서초힐스)206동 1층 관리동"
넓은들작은도서관,서울특별시 양천구,서울 양천구 신정3동(현장민원실)남부순환로 88길 5-7
네이처힐3단지작은도서관(꿈찾는도서관),서울특별시 서초구,"서울특별시 서초구 태봉로2길 60, (우면동, 서초네이처힐3단지)305동 1층"
네이처힐4단지작은도서관,서울특별시 서초구,"서울특별시 서초구 태봉로2길 65, (우면동, 서초네이처힐4단지)404동 1층"
네이처힐5단지작은도서관,서울특별시 서초구,"서울특별시 서초구 태봉로2길 5, (우면동, 서초네이처힐5단지)730) 서초네이처힐 508동 1층"
네이처힐6단지 작은도서관,서울특별시 서초구,"서울특별시 서초구 태봉로2길 30(서초네이처힐6단지)607동 3,4라인 1층"
네이처힐가든 작은도서관,서울특별시 서초구,서울특별시 서초구 형촌길 60(네이처힐 가든)네이처힐가든아파트
노량진1동작은도서관,서울특별시 동작구,"서울특별시 동작구 장승배기로28길 30, (노량진동)주민센터 3층"
노량진2동작은도서관,서울특별시 동작구,"서울특별시 동작구 장승배기로19길 48, (노량진동)노량진2동 주민센터 1층"
노원문화원작은도서관,서울특별시 노원구,"서울특별시 노원구 동일로197길 24, (공릉동)노원문화원 2층"
녹번만화도서관,서울특별시 은평구,"서울특별시 은평구 은평로 245, (녹번동)245 녹번만화도서관"
논현정보도서관,서울특별시 강남구,"서울특별시 강남구 학동로 169, (논현동)3층 논현정보도서관"
누리미좋은물결작은도서관,서울특별시 송파구,"서울특별시 송파구 성내천로 237, (마천동)2층"
늘솔길 작은도서관,서울특별시 강동구,"서울특별시 강동구 양재대로156길 123, (고덕동)고덕1동주민센터 5층"
늘푸른소나무작은도서관,서울특별시 마포구,서울특별시 마포구 백범로 227(공덕동자치회관)마포문화원 3층
늘품작은도서관,서울특별시 중랑구,"서울특별시 중랑구 신내로25길 40, (묵동)1층"
능동 새마을작은도서관,서울특별시 광진구,서울특별시 광진구 천호대로112길 55(능동주민센터)1층
다니엘 작은도서관,서울특별시 은평구,"서울특별시 은평구 연서로41길 13-3, (불광동)부림교회"
다모아어린이도서관,서울특별시 중랑구,"서울특별시 중랑구 용마산로 370, (면목동)2층"
다빈작은도서관,서울특별시 강서구,"서울특별시 강서구 마곡서로 168, (마곡동)럭스나인오피스텔L동 2층"
다산동작은도서관,서울특별시 중구,서울특별시 중구 동호로12길 89(신당2동경로당)다산동 새마을작은도서관
다섯콩작은도서관,서울특별시 은평구,"서울특별시 은평구 서오릉로4길 10, (녹번동)2층 다섯콩작은도서관"
다솜SH작은도서관,서울특별시 강서구,서울특별시 강서구 마곡서1로 131(마곡엠밸리1단지)2층
다슬작은도서관,서울특별시 성북구,"서울특별시 성북구 장월로 89-10, (장위동)1층"
다양한문화가모이는 어린이도서관 모두,서울특별시 동대문구,"서울특별시 동대문구 이문로 3, (회기동)민족통일빌딩 5층"
다온작은도서관,서울특별시 강동구,"서울특별시 강동구 천중로51길 52, (길동)2층"
다우리 작은도서관,서울특별시 송파구,"서울특별시 송파구 오금로57길 10, (거여동, 성우스타팰리스) B1"
다울작은도서관,서울특별시 동작구,"서울특별시 동작구 사당로20길 132, (사당동)2,3층 "
다움 영어 도서관,서울특별시 강남구,서울특별시 강남구 개포로124길 7다움 영어 작은도서관(일원동)
단꿈작은도서관,서울특별시 용산구,서울특별시 용산구 두텁바위로1길 70
단비작은도서관,서울특별시 영등포구,"서울특별시 영등포구 도신로 63, (도림동)태원빌딩 2층"
달내작은도서관,서울특별시 노원구,서울특별시 노원구 초안산로5길 28(월계2동주민센터)월계2동주민센터
달마을작은도서관(구 목2동 도서방),서울특별시 양천구,서울특별시 양천구 목동중앙본로 120(목2동주민센터)목2동주민센터 2층
달빛마을작은도서관(구 신월3동 도서방),서울특별시 양천구,서울 양천구 신월3동남부순환로 54길 5
담소작은도서관,서울특별시 동작구,"서울특별시 동작구 강남초등길 24, (상도1동)3층"
담쟁이작은도서관,서울특별시 마포구,"서울특별시 마포구 포은로6길 25, (망원동)2층"
답십리1동 아름드리 도서관,서울특별시 동대문구,"서울특별시 동대문구 사가정로 30, (답십리동)3층"
답십리2동 민들레 작은도서관,서울특별시 동대문구,"서울특별시 동대문구 한천로11길 18, (답십리동)주민센터 2층"
당산1동 공립작은도서관,서울특별시 영등포구,"서울특별시 영등포구 양산로23길 11, (당산동3가)주민센타2층"
당산2동 공립작은도서관,서울특별시 영등포구,"서울특별시 영등포구 당산로41가길 7, (당산동4가)당산2동복합청사 3층"
당성책세상우리세상문고,서울특별시 영등포구,서울특별시 영등포구 당산로16길 252층
닻별 작은도서관,서울특별시 강북구,"서울특별시 강북구 오현로32길 30-16, (번동)2층"
대림1 공립작은도서관,서울특별시 영등포구,서울특별시 영등포구 디지털로 441(대림제1동주민센터)899-2번지 보건소분소 지하 1층
대림2동 공립작은도서관,서울특별시 영등포구,"서울특별시 영등포구 대림로23길 25, (대림동)4층 새마을작은도서관"
대림3동 공립작은도서관,서울특별시 영등포구,"서울특별시 영등포구 대림로 197, (대림동)주민센터 2층"
대림아파트 작은도서관,서울특별시 성북구,"서울특별시 성북구 길음로 118, (길음동, 길음뉴타운)414동 지하1층"
대방동작은도서관,서울특별시 동작구,"서울특별시 동작구 여의대방로44길 20, (대방동)대방동주민센터 2층"
대조꿈나무어린이도서관,서울특별시 은평구,서울특별시 은평구 연서로20길 24-6(대조어린이도서관)대조꿈나무어린이도서관
대조제일교회꿈꾸는도서관,서울특별시 은평구,"서울특별시 은평구 역말로10가길 22-12, (대조동)"
대치1 작은도서관,서울특별시 강남구,"서울특별시 강남구 남부순환로391길 19, (대치동)대치1문화센터 지하 1층"
대학동 녹두 작은도서관,서울특별시 관악구,서울특별시 관악구 신림로 111(대학동주민센터)2층
대한체육회 작은도서관,서울특별시 송파구,서울특별시 송파구 올림픽로 424(올림픽공원)올림픽문화센터 1층
더미소작은도서관,서울특별시 송파구,"서울특별시 송파구 오금로35길 17, (오금동, 현대아파트)오금현대아파트 B상가 205호"
더바움 문화예술작은도서관,서울특별시 광진구,"서울특별시 광진구 자양로28길 98, (구의동)동양빌딩, 지하1층"
데시앙 숲속 작은도서관,서울특별시 강남구,"서울특별시 강남구 광평로34길 55, (수서동, 강남데시앙포레아파트)데시앙숲속작은도서관"
데시앙 책울터 작은도서관,서울특별시 중랑구,"서울특별시 중랑구 용마산로 669, (신내동, 신내데시앙아파트)커뮤니티센터 1층"
도곡2동 작은 도서관,서울특별시 강남구,"서울특별시 강남구 남부순환로378길 34-9, (도곡동)도곡2동 주민센터"
도담도담 북카페,서울특별시 강동구,"서울특별시 강동구 양재대로138길 37, (명일동)명일1동주민센터 1층"
도담도담한옥도서관,서울특별시 종로구,서울특별시 종로구 숭인동길 43(도담도담 한옥도서관) 종로구숭인동750 도담도담한옥도서관
도란도란 에스티움 작은도서관,서울특별시 영등포구,"서울특별시 영등포구 신풍로 77, (신길동, 래미안에스티움)관리동"
도란도란 작은도서관,서울특별시 금천구,"서울특별시 금천구 독산로36길 14, (시흥동)시흥4동주민센터 1층"
도란도란Books,서울특별시 마포구,"서울특별시 마포구 새창로4길 25, (도화동)B1층"
도란도란쉼터 작은도서관,서울특별시 강서구,서울특별시 강서구 허준로 30(가양1동주민센터)2층
도란도란작은도서관,서울특별시 노원구,서울특별시 노원구 동일로186길 3-24(공릉1동주민센터)공릉1동주민센터
도리샘 작은도서관,서울특별시 강서구,서울특별시 강서구 허준로 202(가양3동주민센터)2층
도림동 공립작은도서관,서울특별시 영등포구,서울특별시 영등포구 도신로33길 4(1층)
도림천에서 용나는 작은도서관,서울특별시 관악구,서울특별시 관악구 신림로 297(도림천에서용나는작은도서관)도림천에서 용나는 작은도서관
도봉1동 공립 작은도서관,서울특별시 도봉구,"서울특별시 도봉구 도봉로169나길 22, (도봉동)도봉1동주민센터"
도봉2동 공립 작은도서관,서울특별시 도봉구,"서울특별시 도봉구 마들로 668, (도봉동)도봉2동 주민센터"
도봉구청행복작은도서관,서울특별시 도봉구,"서울특별시 도봉구 마들로 656(도봉구청)방학동,도봉구청 지하1층"
도화동문고,서울특별시 마포구,"서울특별시 마포구 도화길 37, (도화동)도화동주민센터2층"
돈암2동 새마을문고,서울특별시 성북구,"서울특별시 성북구 흥천사길 7, (돈암동)2층"
돈의문센트레빌작은도서관,서울특별시 서대문구,"서울특별시 서대문구 독립문로14길 33, (냉천동, 돈의문센트레빌)돈의문센트레빌작은도서관"
돌리네책빵,서울특별시 성북구,"서울특별시 성북구 한천로82길 11, (석관동)2층 석관제일교회2층"
동네작은도서관,서울특별시 영등포구,서울특별시 영등포구 당산로 214(당산 삼성 래미안)4차(아)상가1동 B1호
동성3차아파트문고,서울특별시 중랑구,"서울특별시 중랑구 신내로 110, (신내동, 동성아파트)1층"
동일작은도서관,서울특별시 중랑구,"서울특별시 중랑구 신내로15길 30, (신내동)1층"
동작샘터도서관,서울특별시 동작구,서울특별시 동작구 동작대로29길 63-26(동작구다문화가족지원센터)1층 
동화동 새마을작은도서관,서울특별시 중구,서울특별시 중구 다산로36길 100(동화동주민센터)1층
두근두근작은도서관(마고정3단지도서관),서울특별시 은평구,"서울특별시 은평구 진관2로 90, (진관동, 은평뉴타운 마고정)마고정3단지아파트 314동 지층문고"
두껍아두껍아 어린이도서관,서울특별시 영등포구,서울특별시 영등포구 디지털로 4122층
두날개작은도서관,서울특별시 영등포구,서울특별시 영등포구 가마산로 333(유현빌딩)3층
두드림도서관,서울특별시 은평구,서울특별시 은평구 진관3로 15-35(은평뉴타운구파발아파트)1001동 1층
두산아파트 새마을문고,서울특별시 종로구,"서울특별시 종로구 지봉로5길 7, (창신동, 두산아파트)"
둘레길 작은도서관(천왕 4단지),서울특별시 구로구,"서울특별시 구로구 천왕로 29, (천왕동, 천왕 이펜하우스 4단지)408동 1층"
둥그레문고,서울특별시 동대문구,서울특별시 동대문구 장안벚꽃로1길 7(장안힐스테이트아파트) 장안힐스테이트 관리동 지층
뒤죽박죽 작은도서관,서울특별시 성북구,"서울특별시 성북구 서경로2길 21, (정릉동)1층"
드림 작은도서관,서울특별시 강남구,"서울특별시 강남구 언주로121길 5, (논현동)1층"
들꽃작은도서관,서울특별시 마포구,"서울특별시 마포구 성미산로13길 76, (성산동)2층"
등마루골 작은도서관,서울특별시 강서구,서울특별시 강서구 등촌로 143(등촌2동주민센터)2층
등촌아이파크 도서관,서울특별시 강서구,서울특별시 강서구 등촌로 163(등촌아이파크아파트)등촌아이파크도서관
따뜻한 마음 도서관,서울특별시 구로구,"서울특별시 구로구 경인로20가길 68, (오류동, 오류동행복주택)101동 상가"
또바기 작은도서관,서울특별시 강동구,"서울특별시 강동구 아리수로98길 25, (강일동, 강일리버파크7단지아파트)관리동 2층"
라보 작은도서관,서울특별시 성동구,"서울특별시 성동구 성수일로12길 20, (성수동2가)헬로우뮤지움 2층"
라온제나 작은도서관,서울특별시 도봉구,"서울특별시 도봉구 우이천로20길 7, (창동, 건영캐스빌아파트)"
람원문고,서울특별시 강서구,서울특별시 강서구 까치산로 164(람원도서관)람원도서관
래미안 석관북카페,서울특별시 성북구,서울특별시 성북구 화랑로 214(래미안석관)관리동(2층)
래미안 푸른숲 도서관,서울특별시 은평구,서울특별시 은평구 진관3로 77(은평뉴타운구파발아파트)924동 1층
래미안밤섬리베뉴I아파트 채움작은도서관,서울특별시 마포구,"서울특별시 마포구 독막로20나길 22, (상수동, 래미안 밤섬리베뉴Ⅰ)지하1층"
래미안위브도서관,서울특별시 동대문구,"서울특별시 동대문구 답십리로 130, (답십리동, 래미안위브)1층"
래미안포레 작은도서관,서울특별시 강남구,"서울특별시 강남구 밤고개로21길 25, (자곡동, 래미안포레아파트)래미안포레 작은도서관"
래미안힐스테이트고덕작은도서관,서울특별시 강동구,"서울특별시 강동구 아리수로50길 50, (고덕동, 래미안힐스테이트고덕)304동 1층"
레미니스SH작은도서관,서울특별시 송파구,"서울특별시 송파구 성내천로 6, (오금동, 송파레미니스)송파레미니스 1단지 주민공동시설 1층"
렘넌트문화센터두란노도서관,서울특별시 강서구,"서울특별시 강서구 화곡로63길 65, (등촌동)렘넌트문화센터 12층"
로뎀북카페작은도서관,서울특별시 강서구,"서울특별시 강서구 양천로24길 31, (방화동)로뎀북카페작은도서관"
로아스페이스,서울특별시 구로구,"서울특별시 구로구 새말로 31, (구로동, 롯데구로아파트)롯데아파트상가 205호"
롯데캐슬1차 작은도서관,서울특별시 금천구,"서울특별시 금천구 벚꽃로 40, (독산동, 금천롯데캐슬골드파크1차아파트)롯데캐슬1차 작은도서관"
롯데캐슬도서관,서울특별시 강동구,서울특별시 강동구 고덕로 131(강동롯데캐슬퍼스트아파트)관리동 지하1층
롯데캐슬문고,서울특별시 은평구,서울특별시 은평구 진관3로 70(은평뉴타운상림마을)은평뉴타운 830동 1층
루디아 영어 어린이 도서관,서울특별시 강남구,"서울특별시 강남구 헌릉로 569, (세곡동)강남리더스빌딩 802호"
루르드의 작은도서관,서울특별시 강동구,"서울특별시 강동구 고덕로 476, (강일동)1층"
루씨 작은도서관,서울특별시 동대문구,"서울특별시 동대문구 회기로18길 8, (회기동)1층"
리본SH 작은도서관,서울특별시 서초구,서울특별시 서초구 바우뫼로18길 20(양재리본타워1단지)양재리본타워1단지아파트
리본숲SH 작은도서관,서울특별시 서초구,"서울특별시 서초구 매헌로16길 40, 양재동 (양재동, 양재리본타워2단지)양재리본타워2단지 관리동2층"
마고정 작은도서관,서울특별시 은평구,서울특별시 은평구 진관2로 60(은평뉴타운마고정아파트)335동 1층 뒤
마루한,서울특별시 금천구,"서울특별시 금천구 금하로 679, (시흥동)202호"
마장동 작은도서관,서울특별시 성동구,"서울특별시 성동구 마장로42길 11, (마장동)마장동주민센터 2층"
마중물도서관,서울특별시 구로구,"서울특별시 구로구 부일로1길 62, (온수동)온수동 주민공동 이용시설 1층"
마천1동새마을문고,서울특별시 송파구,서울특별시 송파구 마천로 303(마천1동주민센터)동주민센터 1층
마천2동새마을문고(글수레작은도서관),서울특별시 송파구,"서울특별시 송파구 마천로 287, (마천동)동주민센터 2층"
마천하늘꿈 작은도서관,서울특별시 송파구,"서울특별시 송파구 거마로22길 49, (마천동)범양빌딩 302호 하늘사닥다리교회"
마포어린이영어도서관,서울특별시 마포구,"서울특별시 마포구 도화4길 53, (도화동)2층"
마포한강아이파크작은도서관,서울특별시 마포구,"서울특별시 마포구 희우정로 77, (망원동, 마포한강아이파크)마포한강아이파크작은도서관"
만나문고,서울특별시 중랑구,"서울특별시 중랑구 동일로 620, (면목동)만나교회 1층"
많은샘작은도서관,서울특별시 강서구,서울특별시 강서구 양천로75길 13(샘터성결교회)2층
맑은누리 작은도서관,서울특별시 금천구,"서울특별시 금천구 시흥대로58길 36, (시흥동)시흥1동 주민센터 5층"
맑은샘작은도서관,서울특별시 도봉구,"서울특별시 도봉구 도봉로145길 69, (방학동)2층"
망원1동문고,서울특별시 마포구,"서울특별시 마포구 포은로6길 10, (망원동)망원1동주민센터2층"
메아리작은도서관,서울특별시 노원구,서울특별시 노원구 동일로217길 48(노원평생교육원)735-1 노원평생교육원 1층
면목종합사회복지관 아름인도서관,서울특별시 중랑구,"서울특별시 중랑구 용마산로 228, (면목동, 도시개발아파트)면목종합사회복지관 3층"
모퉁이작은도서관(은평뉴타운 상림마을14단지마을문고),서울특별시 은평구,"서울특별시 은평구 진관4로 48-51, (진관동, 은평뉴타운상림마을)730동 1층"
목1동 도서방,서울특별시 양천구,서울 양천구 목1동목동서로 192
목3동꿈자람작은도서관,서울특별시 양천구,서울 양천구 목3동목동중앙남로 16나길55
목화마을공립작은도서관,서울특별시 영등포구,"서울특별시 영등포구 선유로13길 25, (문래동6가)에이스하이테크시티2차 218호"
무수골도서관,서울특별시 도봉구,"서울특별시 도봉구 도봉로157길 10, (도봉동)3층"
무악다솜방,서울특별시 종로구,서울특별시 종로구 통일로14길 36(무악동주민센터)무악동주민센터 2층
무지개영어도서관,서울특별시 은평구,"서울특별시 은평구 서오릉로21길 11, (구산동)1층"
무학도서관,서울특별시 성동구,"서울특별시 성동구 행당로 123, (행당동)무학교회 별관 지하 1층"
문래동 공립작은도서관,서울특별시 영등포구,"서울특별시 영등포구 도림로141가길 16, (문래동4가)1층"
문래자이문고,서울특별시 영등포구,"서울특별시 영등포구 당산로4길 12, (문래동3가, 문래자이)102-1"
문정1동새마을문고(느티나무작은도서관),서울특별시 송파구,서울특별시 송파구 동남로 116(문정1동주민센터)동주민센터 2층
문정2동새마을문고(숯내작은도서관),서울특별시 송파구,"서울특별시 송파구 중대로 16, (문정동)동주민센터 1층"
물빛마을작은도서관,서울특별시 은평구,서울특별시 은평구 은평터널로 48(은평종합사회복지관)4층
물푸레 책푸레 작은도서관,서울특별시 은평구,"서울특별시 은평구 진관4로 48-51, (진관동, 은평뉴타운상림마을)상림마을 742동 1층"
미래향기 작은도서관,서울특별시 금천구,"서울특별시 금천구 독산로 179, (독산동)1층"
미성동 책의향기 작은도서관,서울특별시 관악구,서울특별시 관악구 난곡로 249(미성동주민센터)3층
미아동 새마을문고,서울특별시 강북구,"서울특별시 강북구 솔매로49길 14(미아동 복합청사, 미아문화정보도서관)2층"
바다의별 작은도서관,서울특별시 은평구,서울특별시 은평구 통일로 786(천주교불광동교회)천주교불광동교회
바르미 SH 작은도서관,서울특별시 노원구,"서울특별시 노원구 덕릉로70가길 21, (상계동, 중계센트럴파크)중계센트럴파크 입주지원센터 바르미 작은도서관"
반디작은도서관,서울특별시 노원구,서울특별시 노원구 동일로227길 97(상계8동주민센터)동일로 227길 97
반딧불 작은도서관,서울특별시 강동구,"서울특별시 강동구 천호대로187길 6, (길동)길동자치회관 2층"
반딧불이작은도서관,서울특별시 도봉구,"서울특별시 도봉구 해등로 307, (방학동, 우성2차아파트)관리동 2층"
반포1동 작은도서관,서울특별시 서초구,서울특별시 서초구 사평대로 273(반포1동 주민센터)20-48
반포2동 작은도서관,서울특별시 서초구,"서울특별시 서초구 신반포로15길 16, (반포동)주민센터 2층"
반포3동 작은도서관,서울특별시 서초구,"서울특별시 서초구 신반포로23길 78, (잠원동)반포3동주민센터"
반포4동 작은도서관,서울특별시 서초구,서울특별시 서초구 사평대로28길 70(반포4동주민센터)4층 작은도서관
반포본동 작은도서관,서울특별시 서초구,서울특별시 서초구 신반포로 10(반포본동주민센터)2층 반포본동 작은도서관
발음작은도서관,서울특별시 강서구,서울특별시 강서구 강서로47다길 35(발음교회)발음도서관
발효 작은도서관,서울특별시 관악구,"서울특별시 관악구 남부순환로 1794, (봉천동)4층 401호"
밝은작은도서관,서울특별시 강북구,"서울특별시 강북구 삼양로19길 74, (미아동)엄마손마트 지하"
방그리나작은도서관,서울특별시 강서구,"서울특별시 강서구 금낭화로24길 5, (방화동)2층"
방배1동 작은도서관,서울특별시 서초구,"서울특별시 서초구 효령로29길 43, (방배동)"
방배2동 작은도서관,서울특별시 서초구,서울특별시 서초구 청두곶길 36(방배2동주민센터)
방배4동 작은도서관,서울특별시 서초구,"서울특별시 서초구 방배로 173, (방배동)3층 방배4동 주민센터 작은도서관"
방배본동 작은도서관,서울특별시 서초구,"서울특별시 서초구 동광로19길 38, (방배동)774-9"
방배은혜도서관,서울특별시 서초구,"서울특별시 서초구 방배로4길 10-18, (방배동)2층 (1층)"
방이1동새마을문고,서울특별시 송파구,서울특별시 송파구 위례성대로16길 22(방이1동주민센터)동주민센터2층
방이2동새마을문고(방이2동작은도서관),서울특별시 송파구,"서울특별시 송파구 백제고분로 495, (방이동)동주민센터 1층"
방학1동 공립 작은도서관,서울특별시 도봉구,"서울특별시 도봉구 방학로2길 27, (방학동)방학1동주민센터(2층)"
방학2동 공립 작은도서관,서울특별시 도봉구,"서울특별시 도봉구 시루봉로 226, (방학동)방학2동주민센터"
배다리 작은도서관,서울특별시 강서구,서울특별시 강서구 곰달래로25길 45(화곡8동주민센터)2층
배움의공동체-학사재,서울특별시 강동구,"서울특별시 강동구 동남로83길 21, (고덕동)지하1층"
백련산힐스 작은도서관,서울특별시 은평구,서울특별시 은평구 백련산로 38(백련산 힐스테이트 2차)208동 지하1층
백합어린이도서관,서울특별시 용산구,서울특별시 용산구 후암로15길 19-22(후암백합교회)1층 백합어린이작은도서관 
번1동 새마을문고,서울특별시 강북구,"서울특별시 강북구 덕릉로41길 74, (번동)3층"
번2동 새마을문고,서울특별시 강북구,서울 강북구 번2동한천로 897 번2동주민센터 2층
번3동 새마을문고,서울특별시 강북구,"서울특별시 강북구 한천로105길 21, (번동)2층"
번동 꿈나무 작은도서관,서울특별시 강북구,"서울특별시 강북구 오현로31길 21, (번동)201"
번창작은도서관,서울특별시 도봉구,"서울특별시 도봉구 노해로66길 95, (창동, 궁전맨션)지하1층"
벧엘도서관,서울특별시 강북구,"서울특별시 강북구 삼양로19길 109, (미아동)아파트상가 지하"
별밭 작은도서관,서울특별시 용산구,"서울특별시 용산구 대사관로34길 49, (한남동)제천회관 4층"
별별창작꿈터(봉현)작은 도서관,서울특별시 관악구,"서울특별시 관악구 관악로 255-7, (봉천동)성현동자치회관 1층"
별빛초롱문고,서울특별시 강북구,"서울특별시 강북구 삼각산로 157, (수유동)2층"
볏고을작은도서관,서울특별시 강서구,서울특별시 강서구 곰달래로57가길 26(화곡4동주민센터)2층
보라매동 다사랑 작은도서관,서울특별시 관악구,서울특별시 관악구 봉천로 279-8(보라매동주민센터)2층 
보문동 새마을문고,서울특별시 성북구,"서울특별시 성북구 안암로3길 35, (보문동7가)2층"
복사골작은도서관,서울특별시 마포구,서울특별시 마포구 도화4길 533~4층
북가좌1동 늘푸른열린작은도서관,서울특별시 서대문구,"서울특별시 서대문구 수색로 100-55, (북가좌동)북가좌1동주민센터 2층"
북부종합사회복지관 신한카드 아름인도서관,서울특별시 노원구,"서울특별시 노원구 동일로245길 56, (상계동, 북부종합사회복지관)신한카드 아름인도서관"
북아현 북카페,서울특별시 서대문구,"서울특별시 서대문구 북아현로 24, (북아현동)북아현동주민센터 2층"
북악하늘 작은도서관,서울특별시 성북구,"서울특별시 성북구 북악산로1다길 26, (정릉동)현대빌리지 B01호"
북적book적,서울특별시 성북구,"서울특별시 성북구 아리랑로 68, (돈암동, 돈암 힐스테이트아파트)."
북카페 청마루,서울특별시 용산구,서울특별시 용산구 녹사평대로 150(용산구종합행정타운)10층
북카페도서관 다독다독 1호점,서울특별시 강동구,"서울특별시 강동구 양재대로 1419, (성내동, SM엘루이)2층"
북한산 힐스테이트 1차 솔숲작은도서관,서울특별시 은평구,"서울특별시 은평구 불광로2길 33, (불광동, 북한산힐스테이트1차아파트)1110동 지하주차장 입구 솔숲문고"
북한산더샵아파트 작은도서관,서울특별시 서대문구,"서울특별시 서대문구 통일로 510, (홍은동, 북한산 더샵)작은도서관"
북한산둘레길 북카페,서울특별시 강북구,"서울특별시 강북구 4.19로28길 10, (수유동)북한산둘레길 북카페"
북한산아이파크작은도서관,서울특별시 도봉구,"서울특별시 도봉구 도봉로136길 28, (창동, 북한산 아이파크)516동 지하1층"
불광천작은도서관,서울특별시 은평구,"서울특별시 은평구 불광천길 370, (응암동, 한양아트빌)불광천 휴게데크 위"
브리즈힐도서관,서울특별시 강남구,"서울특별시 강남구 자곡로3길 45, (자곡동, LH 강남브리즈힐)LH강남브리즈힐 작은도서관"
브릿지 작은도서관,서울특별시 중랑구,"서울특별시 중랑구 봉화산로56길 36, (신내동)3, 4층"
비전뜰 도서관,서울특별시 은평구,서울특별시 은평구 통일로92길 7-1남북교회
비전어린이도서관,서울특별시 동작구,"서울특별시 동작구 사당로20길 126, (사당동)온세상교회"
빛과진리선교원 어린이작은도서관,서울특별시 동대문구,"서울특별시 동대문구 답십리로30길 44, (전농동) "
쁘레네 작은도서관 별찌,서울특별시 송파구,"서울특별시 송파구 오금로46길 11, (가락동)2층 202호"
사근동 어린이놀이터도서관,서울특별시 성동구,"서울특별시 성동구 사근동길 37, (사근동)사근동공공복합청사 지하 1층"
사당1동작은도서관,서울특별시 동작구,"서울특별시 동작구 동작대로17길 28, (사당동)사당1동 주민센터 2층"
사당2동작은도서관,서울특별시 동작구,"서울특별시 동작구 동작대로29길 52, (사당동)2층"
사당3동작은도서관,서울특별시 동작구,"서울특별시 동작구 사당로17길 86, (사당동)"
사당4동작은도서관,서울특별시 동작구,서울특별시 동작구 사당로16아길 6(사당4동 주민센터)2층
사당5동작은도서관,서울특별시 동작구,"서울특별시 동작구 사당로2가길 219, (사당동)지하1층"
사람아이앤지작은도서관,서울특별시 광진구,"서울특별시 광진구 자양로 322, (구의동)3층"
사랑꿈터 작은 도서관,서울특별시 은평구,"서울특별시 은평구 진관4로 47, (진관동, 은평뉴타운상림마을)706동 1층"
사랑듬북 작은도서관,서울특별시 동대문구,"서울특별시 동대문구 사가정로23나길 12, (장안동)참사랑교회 1층"
사랑방문고(신정이펜5단지),서울특별시 양천구,서울 양천구 신정3동신정이펜1로 27 신정이펜하우스 5단지
사피엔스 작은도서관,서울특별시 강남구,"서울특별시 강남구 삼성로 720, (청담동)1층"
사하라 작은도서관,서울특별시 광진구,"서울특별시 광진구 광장로 78, (광장동)2층"
산돌어린이도서관,서울특별시 금천구,"서울특별시 금천구 시흥대로75길 12, (시흥동)산돌문화센타 2층"
산미소작은도서관,서울특별시 도봉구,"서울특별시 도봉구 노해로57길 94, (쌍문동)1층"
산책마을 SH작은도서관,서울특별시 은평구,"서울특별시 은평구 연서로46길 7, (진관동, 은평뉴타운기자촌11단지)1110동 B1"
삼각산동 새마을문고,서울특별시 강북구,"서울특별시 강북구 솔샘로 174, (미아동, SK북한산시티아파트)관리사무소 내"
삼성도서관,서울특별시 강남구,"서울특별시 강남구 봉은사로 616, (삼성동)161-2 삼성1동주민센터 동관 4층 "
삼성동 샛별 작은도서관,서울특별시 관악구,서울특별시 관악구 호암로 589(삼성동주민센터)3층
삼성작은도서관,서울특별시 관악구,"서울특별시 관악구 호암로 520, (신림동)1층"
삼양동 새마을문고,서울특별시 강북구,"서울특별시 강북구 삼양로 268, (미아동)주민센타 2층"
삼육대평생교육원 이야기방작은도서관,서울특별시 노원구,"서울특별시 노원구 화랑로 815, (공릉동)삼육대 평생교육원 207호"
삼전동새마을문고(삼학사작은도서관),서울특별시 송파구,서울특별시 송파구 백제고분로 236(삼전동주민센터)동주민센터 2층
삼청공원 숲속도서관,서울특별시 종로구,서울특별시 종로구 북촌로 134-3(삼청공원숲속도서관)삼청공원 내
상계숲속작은도서관,서울특별시 노원구,서울특별시 노원구 동일로227길 106(북카페)상계숲속작은도서관
상계주공14단지아파트 문화사랑방도서실,서울특별시 노원구,"서울특별시 노원구 동일로228길 23, (상계동, 상계주공14단지아파트)626 주공14단지관리동 2층"
상도1동작은도서관,서울특별시 동작구,"서울특별시 동작구 상도로53길 9, (상도동)2층"
상도2동작은도서관,서울특별시 동작구,"서울특별시 동작구 상도로 211, (상도동)2층"
상도3동작은도서관,서울특별시 동작구,서울특별시 동작구 성대로2길 11(상도3동 주민센터)주민센터 내
상도4동작은도서관,서울특별시 동작구,"서울특별시 동작구 양녕로27길 44, (상도동)2층"
상도중앙 작은도서관,서울특별시 동작구,서울특별시 동작구 상도로15가길 16(상도중앙교회)상도중앙 작은도서관
상림책마루작은도서관,서울특별시 은평구,"서울특별시 은평구 진관4로 17, (진관동, 은평뉴타운상림마을)811동 1층"
상상마루작은도서관,서울특별시 강동구,"서울특별시 강동구 상일로 152, (강일동, 고덕리엔파크1단지아파트)107동 1층"
상암동문고,서울특별시 마포구,서울특별시 마포구 매봉산로2길 16(상암동주민센터)상암동주민센터
상암월드컵파크7단지도서관,서울특별시 마포구,서울특별시 마포구 상암산로1길 92(상암월드컵파크7단지아파트)7단지 내
새마을문고망우3동분회 작은도서관,서울특별시 중랑구,"서울특별시 중랑구 겸재로61길 40, (망우동)주민센터 1층"
새마을문고망우본동분회 작은도서관,서울특별시 중랑구,"서울특별시 중랑구 망우로67길 10, (망우동)3층"
새마을문고면목2동분회 작은도서관,서울특별시 중랑구,"서울특별시 중랑구 동일로101길 20-15, (면목동)2층"
새마을문고면목3.8동분회 작은도서관,서울특별시 중랑구,"서울특별시 중랑구 사가정로51길 48(면목3,8동 주민센터)(면목동)"
새마을문고면목4동분회 작은도서관,서울특별시 중랑구,서울특별시 중랑구 면목로 246(면목4동 주민센터)(면목동)
새마을문고면목5동분회 작은도서관,서울특별시 중랑구,서울특별시 중랑구 동일로 619(면목5동 복합청사)(면목동)2층
새마을문고면목7동분회 작은도서관,서울특별시 중랑구,"서울특별시 중랑구 사가정로50길 91, (면목동)커뮤니티센터 2층"
새마을문고묵1동분회 작은도서관,서울특별시 중랑구,"서울특별시 중랑구 공릉로2가길 5, (묵동)2층, 묵1동 주민센터"
새마을문고묵2동분회 작은도서관,서울특별시 중랑구,"서울특별시 중랑구 동일로 847, (묵동)주민센터 5층"
새마을문고상봉1동분회 작은도서관,서울특별시 중랑구,서울특별시 중랑구 상봉중앙로1길 6(상봉1동 주민센터)2층
새마을문고신내1동분회 작은도서관,서울특별시 중랑구,서울특별시 중랑구 용마산로129나길 35(신내1동 주민센터)2층
새마을문고중화1동분회 작은도서관,서울특별시 중랑구,서울특별시 중랑구 동일로134길 17(중화1동 주민센터)2층
새마을문고중화2동분회 작은도서관,서울특별시 중랑구,"서울특별시 중랑구 동일로129길 1, (중화동)주민센터 7층"
새빛작은도서관,서울특별시 광진구,"서울특별시 광진구 아차산로 330, (자양동)1층"
새소망도서관,서울특별시 중랑구,"서울특별시 중랑구 용마산로62길 43, (면목동, 용마동아아파트)203호"
새솔도서실,서울특별시 서대문구,"서울특별시 서대문구 북아현로19길 58-21, (북아현동)1층 새솔도서실"
새싹작은도서관,서울특별시 강서구,"서울특별시 강서구 수명로2길 105, 514동 1층 (내발산동, 마곡수명산파크5단지아파트)514동 1층"
새자람작은도서관,서울특별시 은평구,"서울특별시 은평구 대서문길 36, (진관동)277-17 B224호"
새희망작은도서관,서울특별시 양천구,서울특별시 양천구 지양로 962층
샘솟는,서울특별시 금천구,"서울특별시 금천구 독산로64길 15, (독산동)샘솟는 작은도서관"
샘터작은도서관,서울특별시 은평구,서울특별시 은평구 진관2로 111-7(은평뉴타운우물골)220동 1층
샘터작은도서관,서울특별시 광진구,"서울특별시 광진구 용마산로24길 10, (중곡동)1층"
생각빚는작은도서관,서울특별시 강서구,"서울특별시 강서구 공항대로 481, (등촌동)2층"
생각열매 작은도서관,서울특별시 강서구,"서울특별시 강서구 공항대로53가길 55, (등촌동)2층"
생글작은도서관,서울특별시 도봉구,"서울특별시 도봉구 우이천로32길 35, (쌍문동)2층"
생명나무도서관,서울특별시 동작구,"서울특별시 동작구 양녕로 249, (상도1동)3층"
생명샘작은도서관,서울특별시 양천구,"서울특별시 양천구 목동중앙본로3길 10, (목동)2층(대한예수교 장로회 생명샘교회)"
생명의전화종합사회복지관 생명가족작은도서관,서울특별시 성북구,서울특별시 성북구 오패산로 21(생명의전화(종합복지관))3층 생명가족작은도서관
서강어린이영어도서관,서울특별시 마포구,"서울특별시 마포구 백범로 35, (신수동)서강대학교 곤자가국제학사 지층"
서경로꿈마루도서관,서울특별시 성북구,"서울특별시 성북구 서경로 94-1, (정릉동)."
서교동문고,서울특별시 마포구,"서울특별시 마포구 동교로15길 7, (서교동)서교동주민센터 2층"
서남작은 도서관,서울특별시 구로구,"서울특별시 구로구 부일로11길 41, (궁동)서남교회"
서림동 글사랑 작은도서관,서울특별시 관악구,서울특별시 관악구 신림로29길 6(서림동주민센터)2층
서문어린이도서관,서울특별시 은평구,"서울특별시 은평구 가좌로10길 10, (응암동)"
서빙고동 작은도서관,서울특별시 용산구,서울특별시 용산구 서빙고로 279(서빙고동주민센터)1층
서연푸른꿈터문고,서울특별시 성동구,서울 성동구 옥수동436
서영영어전문작은도서관,서울특별시 은평구,"서울특별시 은평구 증산로11길 7-12, (증산동)1층"
서울비전문고,서울특별시 용산구,서울특별시 용산구 원효로71길 24(서울비전교회)
서울역센트럴자이아파트 작은도서관,서울특별시 중구,"서울특별시 중구 만리재로 175, (만리동2가, 서울역센트럴자이)서울역센트럴자이아파트"
서원동 어울 작은도서관,서울특별시 관악구,서울특별시 관악구 신림로 282(서원동주민센터)2층
서원마을작은도서관,서울특별시 강동구,"서울특별시 강동구 올림픽로 936, (암사동)마을회관 2층"
서초1동 작은도서관,서울특별시 서초구,"서울특별시 서초구 사임당로 89, (서초동)"
서초3동 작은도서관,서울특별시 서초구,"서울특별시 서초구 반포대로 58, (서초동, 서초아트자이)"
서초4동 작은도서관,서울특별시 서초구,"서울특별시 서초구 서운로26길 3, (서초동)3층"
서초글벗 작은도서관,서울특별시 서초구,"서울특별시 서초구 방배천로2안길 39, (방배동)서초영락교회 지하1층"
서초네이처힐1단지 작은도서관,서울특별시 서초구,"서울특별시 서초구 형촌길 35, (우면동, 서초네이처힐1단지)작은도서관"
서초더샵포레 작은도서관,서울특별시 서초구,"서울특별시 서초구 헌릉로8길 58 (내곡동, 서초더샵포레)서초더샵포레 작은도서관 1,2관"
서초포레스타3단지 작은도서관,서울특별시 서초구,"서울특별시 서초구 헌릉로8길 22 (신원동, 서초포레스타3단지)304동 주민공동시설 1층"
석관동 새마을문고,서울특별시 성북구,"서울특별시 성북구 화랑로 296, (석관동)석관동 주민센터 3층"
석천문화관,서울특별시 종로구,"서울특별시 종로구 성균관로17길 11, (명륜1가)(명륜1가)"
성광작은도서관,서울특별시 성북구,서울특별시 성북구 보국문로16길 87(예수교 대한성결교회 성광교회).
성내PLUS작은도서관,서울특별시 강동구,"서울특별시 강동구 성내로3길 18, (성내동)지하1층"
성대골어린이도서관,서울특별시 동작구,"서울특별시 동작구 성대로10길 23, (상도동)1층 성대골어린이도서관"
성락도서관,서울특별시 성동구,"서울특별시 성동구 성수일로10길 33, (성수동2가)성락교회 5층 506호"
성메작은도서관,서울특별시 마포구,서울특별시 마포구 월드컵북로30길 22(성산2동주민센터)2층
성미산학교작은도서관 꿈꾸는 다락방,서울특별시 마포구,"서울특별시 마포구 성미산로3나길 6, (성산동)2층"
성북동 새마을문고,서울특별시 성북구,"서울특별시 성북구 성북로 37, (성북동1가)"
성북동 작은도서관,서울특별시 성북구,"서울특별시 성북구 성북로 65-4, (성북동)성북중앙교회 2층"
성북이음도서관,서울특별시 성북구,"서울특별시 성북구 보문로 168, (삼선동5가)12층"
성산글마루작은도서관,서울특별시 마포구,서울특별시 마포구 월드컵북로 235(성산시영아파트)대우복지관 3층
성산작은도서관,서울특별시 은평구,서울특별시 은평구 증산서길 90(성산교회)성산교회
성수1가제1동 작은도서관,서울특별시 성동구,"서울특별시 성동구 뚝섬로3길 18, (성수동1가)성수1가제1동주민센터 2층 로비"
성수1가제2동 어린이작은도서관,서울특별시 성동구,서울특별시 성동구 왕십리로5길 3(성수1가제2동주민센터)성수동1가 685-580 지하1층
성수2가제1동 어린이작은도서관,서울특별시 성동구,"서울특별시 성동구 뚝섬로 385-19, (성수동2가)성수2가제1동주민센터 2층"
성수2가제3동 작은도서관,서울특별시 성동구,"서울특별시 성동구 광나루로2길 35, (성수동2가)성수2가제3동주민센터 5층"
성신 비전스쿨 작은도서관,서울특별시 광진구,"서울특별시 광진구 동일로 160, (화양동)성신비전스쿨 작은도서관"
성원아파트문고,서울특별시 중랑구,"서울특별시 중랑구 신내로 51, (신내동, 성원아파트)1층"
성현동 파랑새 작은도서관,서울특별시 관악구,서울특별시 관악구 구암길 38(성현동 주민센터)2층
세곡도서관,서울특별시 강남구,"서울특별시 강남구 밤고개로 286, (율현동)세곡도서관"
세곡마루도서관,서울특별시 강남구,"서울특별시 강남구 헌릉로590길 68, (세곡동)세곡커뮤니티센터 내"
세레니티문고,서울특별시 성북구,서울특별시 성북구 종암로23길 35(래미안세레니티)205동 로비층
세방도서관,서울특별시 중랑구,"서울특별시 중랑구 숙선옹주로9길 25, (묵동, 세방아파트)102동 606호"
세빛도서관,서울특별시 서대문구,"서울특별시 서대문구 통일로35길 18, (홍제동)2층"
소나무언덕1호 작은도서관,서울특별시 송파구,"서울특별시 송파구 올림픽로47길 9, (풍납동, 쌍용아파트)3층"
소나무언덕4호 작은도서관,서울특별시 송파구,"서울특별시 송파구 송이로 34, (송파동)"
소리마을작은도서관,서울특별시 성북구,"서울특별시 성북구 삼양로9길 14-7, (길음동)2층"
소망의나무어린이 작은도서관,서울특별시 금천구,"서울특별시 금천구 금하로11길 22, (시흥동)시흥교회 소망관 2층"
솔뫼작은도서관,서울특별시 강서구,"서울특별시 강서구 가로공원로77길 30, (화곡동)2층"
솔밭작은도서관,서울특별시 도봉구,"서울특별시 도봉구 우이천로48길 4, (쌍문동)2층"
솔향기 북카페,서울특별시 강동구,"서울특별시 강동구 고덕로97길 20, (강일동, 강일리버파크10단지아파트)관리동 2층"
솜니움 독서코칭 전문도서관,서울특별시 노원구,"서울특별시 노원구 한글비석로15길 11, (중계동)중계빌딩 2층"
송정 작은도서관,서울특별시 강서구,서울특별시 강서구 송정로 45(공항동주민센터)2층
송중동 새마을문고,서울특별시 강북구,"서울특별시 강북구 오패산로 162, (미아동)3층"
송천 아름인 도서관,서울특별시 강북구,"서울특별시 강북구 솔샘로 271, (미아동)송천아름인지역아동센터 3층"
송천동 새마을문고,서울특별시 강북구,"서울특별시 강북구 솔샘로 284, (미아동)2층"
송파1동새마을문고,서울특별시 송파구,서울특별시 송파구 백제고분로 392(송파1동주민센터)동주민센터 2층
송파2동새마을문고,서울특별시 송파구,서울특별시 송파구 송이로 32(송파2동주민센터)동주민센터 2층
송파꿈꾸는작은도서관,서울특별시 송파구,"서울특별시 송파구 동남로 341, (오금동, 송파레미니스2단지)송파레미니스 2단지 주민공동시설 1-2층"
송파꿈에그린작은도서관,서울특별시 송파구,서울특별시 송파구 위례광장로 121(위례24단지)2401동 1층
송파더센트레작은도서관,서울특별시 송파구,"서울특별시 송파구 위례광장로 163, (장지동, 위례22단지)주민공공시설1(2201동 1층)"
송파파크데일1단지 작은도서관,서울특별시 송파구,"서울특별시 송파구 성내천로37길 37, (마천동, 송파파크데일1단지)"
수궁동 새마을 작은도서관,서울특별시 구로구,"서울특별시 구로구 오리로15길 32, (궁동)수궁동주민센터"
수락작은도서관,서울특별시 노원구,"서울특별시 노원구 덕릉로 859, (상계동)상계3.4동주민센터 3층 수락작은도서관"
수명산작은도서관,서울특별시 강서구,서울특별시 강서구 수명로1길 131(내발산동공공기숙사)지하1층
수색한숲도서관,서울특별시 은평구,"서울특별시 은평구 은평터널로 66, (수색동, 대림한숲타운아파트)제2관리사무소 관리동 1층"
수서동 작은도서관,서울특별시 강남구,"서울특별시 강남구 광평로 301-4, (수서동)수서동주민센터"
수송작은도서관,서울특별시 서초구,"서울특별시 서초구 신반포로41길 17, (잠원동)"
수어영상도서관,서울특별시 서대문구,서울특별시 서대문구 수색로4가길 23 (남가좌동)1층
수유1동 새마을문고 ,서울특별시 강북구,"서울특별시 강북구 삼양로 299, (수유동)2층"
수유2동 새마을문고,서울특별시 강북구,"서울특별시 강북구 한천로 1117, (수유동)2층"
수유3동 새마을문고,서울특별시 강북구,"서울특별시 강북구 노해로 36, (수유동)2층"
수유마을작은도서관,서울특별시 강북구,"서울특별시 강북구 도봉로71길 26, (수유동)2층"
숭인마루 작은도서관,서울특별시 종로구,서울특별시 종로구 지봉로 86(숭인제1동주민센터)숭인1동 주민센터 2층
숲 속 북카페,서울특별시 양천구,"서울특별시 양천구 신정로 110, (신정동, 신정숲속마을)신정 숲 속 마을 주민공동시설 2층"
숲속 작은도서관,서울특별시 관악구,서울 관악구 대학동산50-2
숲속SH 작은도서관,서울특별시 구로구,"서울특별시 구로구 항동로 43, (항동, 하버라인 3단지)숲속sh작은도서관"
숲속별 작은도서관,서울특별시 서초구,"서울특별시 서초구 헌릉로8길 45, (내곡동, 서초 포레스타 2단지)숲속별작은도서관"
숲속향기 작은도서관,서울특별시 은평구,서울특별시 은평구 연서로48길 12(은평뉴타운제각말아파트)501동 앞
슈필라움 작은도서관,서울특별시 동대문구,"서울특별시 동대문구 전농로16길 30, (전농동)2층"
스토리빈 작은도서관,서울특별시 송파구,서울특별시 송파구 중대로 56(국제빌딩)2층 203호
스토리지 작은영어도서관,서울특별시 송파구,"서울특별시 송파구 문정로13길 15-5, (가락동)102"
승리행복작은도서관,서울특별시 강서구,"서울특별시 강서구 곰달래로 220, (화곡동)301호"
시루뫼쉼터,서울특별시 은평구,서울특별시 은평구 증산서길 89(증산동주민센터)5층
시민과 함께하는 연구자의 집 작은도서관,서울특별시 용산구,"서울특별시 용산구 한강대로53길 5, (한강로2가)부림빌딩 5층"
시온교회 작은도서관,서울특별시 서초구,"서울특별시 서초구 서초대로 84, (방배동)시온교회"
신길1동공립작은도서관,서울특별시 영등포구,서울특별시 영등포구 영등포로84길 24-5(신길종합사회복지관)2층 작은도서관
신길2동 공립작은도서관,서울특별시 영등포구,서울특별시 영등포구 영등포로64길 15청소년문화회관 내 1층 문고
신길3동 공립작은도서관(생각나무),서울특별시 영등포구,서울특별시 영등포구 신길로41라길 13-8(신길3동주민센터)신길3동주민센터 2층
신길4동 공립작은도서관(드나드리),서울특별시 영등포구,"서울특별시 영등포구 신길로42길 1, (신길동)신길4동주민센터"
신길5동공립작은도서관(꿈터),서울특별시 영등포구,서울특별시 영등포구 도림로 264(신길5동주민센터)3층
신길6동 공립작은도서관,서울특별시 영등포구,서울특별시 영등포구 대방천로 193(구립신길6동복지회관)
신길7동 공립작은도서관(마음서랍),서울특별시 영등포구,서울특별시 영등포구 여의대방로43길 10(신길7동주민센터)신길7동 주민센터 5층
신내 지혜담은 도서관,서울특별시 중랑구,서울특별시 중랑구 봉화산로 194(신아타운)4층
신내2동 북카페,서울특별시 중랑구,"서울특별시 중랑구 봉화산로 190, (신내동)2층 관상복합청사"
신내우디안1단지 도담도담도서관,서울특별시 중랑구,"서울특별시 중랑구 신내역로1길 85, (신내동, 신내우디안1단지)111동 1층"
신내우디안2단지 나무그늘도서관,서울특별시 중랑구,서울특별시 중랑구 신내역로 165(신내우디안2단지)203동 1층
신내종합사회복지관 맘편한 공부방,서울특별시 중랑구,"서울특별시 중랑구 봉화산로 153, (상봉동, 신내12단지신내아파트)3층"
신당5동작은도서관,서울특별시 중구,서울특별시 중구 퇴계로90길 42(경로당)2층
신당동작은도서관,서울특별시 중구,서울특별시 중구 다산로29길 10(신당1동 노인복지관)2층
신대방1동 작은도서관,서울특별시 동작구,"서울특별시 동작구 신대방길 72, (신대방동)(신대방1동 주민센터) 2층"
신대방2동작은도서관,서울특별시 동작구,"서울특별시 동작구 여의대방로24길 76, (신대방동)신대방2동 주민센터 3층"
신도림동 새마을 작은도서관,서울특별시 구로구,"서울특별시 구로구 신도림로 40, (신도림동)신도림동 주민자치센터 2층"
신도림어린이영어작은도서관,서울특별시 구로구,"서울특별시 구로구 신도림로 40, (신도림동)신도림동주민센터2층"
신림동 굴렁쇠 작은도서관,서울특별시 관악구,서울특별시 관악구 신림동길 14(신림동주민센터)2층
신사동 작은도서관,서울특별시 강남구,"서울특별시 강남구 압구정로 128, (신사동)(신사동주민센터)"
신사동 해오름 작은도서관,서울특별시 관악구,서울특별시 관악구 조원로 151-1(신사경로당)3층
신사어린이도서관,서울특별시 은평구,서울특별시 은평구 은평로 38(신사종합사회복지관)26-18
신상도문고,서울특별시 동작구,"서울특별시 동작구 양녕로20길 108, (상도동)신상도교회건물 3층"
신수동문고,서울특별시 마포구,"서울특별시 마포구 독막로 192, (신수동)신수동주민센터"
신원동 울타리 작은도서관,서울특별시 관악구,서울특별시 관악구 신원로3길 13-6(신원동주민센터)2층
신월6동 도서방,서울특별시 양천구,"서울특별시 양천구 남부순환로 609, (신월동)4층"
신월7동 도서방,서울특별시 양천구,서울 양천구 신월7동남부순환로 70길 16-3
신일문고,서울특별시 중랑구,"서울특별시 중랑구 상봉로20길 77, (망우동)신일교회 1층"
신정1동 그린나래 작은도서관,서울특별시 양천구,"서울특별시 양천구 중앙로32길 1, (신정동)신정1동주민센터 2층"
신정6동 도서방,서울특별시 양천구,서울 양천구 신정6동목동서로 353
신정7동 도서방,서울특별시 양천구,서울 양천구 신정7동목동동로 37
신창영어작은도서관,서울특별시 도봉구,"서울특별시 도봉구 덕릉로 249, (창동)3층"
쌍문1동 공립 작은도서관,서울특별시 도봉구,"서울특별시 도봉구 노해로 147, (쌍문동)쌍문1동주민센터"
쌍문2동 공립 작은도서관,서울특별시 도봉구,"서울특별시 도봉구 방학로3길 117, (쌍문동)보건소 7층"
쌍문3동 공립 작은도서관,서울특별시 도봉구,"서울특별시 도봉구 노해로44길 9, (쌍문동)쌍문3동주민센터"
쌍문4동 공립 작은도서관,서울특별시 도봉구,"서울특별시 도봉구 시루봉로 62-7, (쌍문동)쌍문4동주민센터 2층"
쌍용도서관,서울특별시 영등포구,"서울특별시 영등포구 도영로7길 15, (도림동, 쌍용플래티넘시티1단지)쌍용플레티넘시티 104동 2층"
쎌북작은도서관,서울특별시 마포구,"서울특별시 마포구 신촌로12길 11, (노고산동)신촌성결교회"
씨넷도서관,서울특별시 서초구,"서울특별시 서초구 남부순환로333길 36, (서초동)해원빌딩 지하1층"
씨앗작은도서관,서울특별시 도봉구,"서울특별시 도봉구 도봉로 901, (도봉동)부성빌딩 402호"
씽크엘 작은도서관,서울특별시 강북구,"서울특별시 강북구 삼양로54길 92, (미아동)1층, 3층, 4층"
아낌없이주는나무,서울특별시 서대문구,"서울특별시 서대문구 독립문로12길 17, (천연동)서은교회1층"
아띠 작은도서관,서울특별시 성북구,"서울특별시 성북구 서경로 63, (정릉동)2층"
아름다운 꿈 작은도서관,서울특별시 송파구,"서울특별시 송파구 마천로 305, (마천동)3층"
아름다운 도서관,서울특별시 강남구,"서울특별시 강남구 삼성로70길 4, (대치동)지하 1층"
아름다운도서관,서울특별시 도봉구,"서울특별시 도봉구 도봉로104길 63, (창동)"
아름도서관,서울특별시 구로구,"서울특별시 구로구 부일로9길 127, (온수동, 온수힐스테이트)관리동2층 아름도서관"
아름드리작은도서관,서울특별시 광진구,서울특별시 광진구 워커힐로 93(정립회관)본관 2층
아름드리작은도서관,서울특별시 마포구,서울특별시 마포구 방울내로7길 11(망원2동주민센터)1층
아름숲작은도서관,서울특별시 동대문구,서울특별시 동대문구 전농로16길 51(래미안아름숲아파트)110동 지하1층
아리향기 작은도서관,서울특별시 강서구,서울특별시 강서구 양천로67가길 63(염창동주민센터)염창동 주민센터 2층
아빠하우스작은도서관,서울특별시 강동구,"서울특별시 강동구 아리수로93나길 60, (강일동)505호"
아이도북센터,서울특별시 마포구,서울특별시 마포구 만리재로 29(사랑의전화종합사회복지관)아이도북센터
아인 어린이 작은도서관,서울특별시 양천구,"서울특별시 양천구 신정로13길 21, (신정동)3층"
아주좋은꿈터 작은도서관,서울특별시 동대문구,"서울특별시 동대문구 왕산로16가길 7, (용두동)아주좋은꿈터"
아차산아래 작은도서관 놀자,서울특별시 광진구,서울특별시 광진구 자양로50가길 452층
아트&힐링작은도서관,서울특별시 동작구,"서울특별시 동작구 상도로62길 61, (상도동)성심빌딩"
안말작은도서관,서울특별시 강동구,"서울특별시 강동구 풍성로37가길 62, (성내동)성내2동주민센터 2층"
안암동 새마을문고,서울특별시 성북구,"서울특별시 성북구 고려대로 16, (안암동2가)안암동주민센터 3층 새마을문고"
압구정동 작은도서관,서울특별시 강남구,"서울특별시 강남구 압구정로33길 48, (압구정동)압구정동주민센터"
애스톤파크 작은도서관,서울특별시 동작구,"서울특별시 동작구 상도로 346-2, (상도동, 상도엠코타운 애스톤파크)애스톤파크작은도서관"
약수 작은도서관,서울특별시 중구,"서울특별시 중구 동호로5길 19, (신당동)1층"
양문작은도서관,서울특별시 동작구,"서울특별시 동작구 시흥대로 646, (신대방동)1층"
양원역 도서관,서울특별시 중랑구,"서울특별시 중랑구 송림길 147, (망우동)1층(1번출구)"
양재1동 작은도서관,서울특별시 서초구,"서울특별시 서초구 바우뫼로 41, (우면동)2층 작은도서관"
양재2동 작은도서관,서울특별시 서초구,"서울특별시 서초구 강남대로12길 44, (양재동)1층"
양평1동 공립작은도서관,서울특별시 영등포구,서울특별시 영등포구 영등포로11길 12(양평1동주민센터)211-1
양평2동 공립작은도서관,서울특별시 영등포구,"서울특별시 영등포구 선유로47길 30, (양평동4가)4층(양평2동주민센터)"
어깨동무어린이도서관,서울특별시 서대문구,서울 서대문구 북가좌동458
어린이 작은도서관 주영심 나무,서울특별시 광진구,서울특별시 광진구 용마산로1길 91101호
어린이도서관 꿈과쉼,서울특별시 종로구,서울특별시 종로구 삼청로 77(삼청감리교회)삼청교회 내
어린이도서관 꿈틀,서울특별시 동대문구,"서울특별시 동대문구 전농로16길 59, (전농동)1층"
어린이도서관 느티나무,서울특별시 중구,서울특별시 중구 다산로 75다니엘빌딩 2층
어린이도서관 동네북,서울특별시 은평구,서울특별시 은평구 진흥로 174양광비전센터 3층
어린이도서관 책읽는엄마 책읽는 아이,서울특별시 성동구,"서울특별시 성동구 매봉18길 11, (금호동3가)마을소통공간 산책 1층"
어울림 북터 작은 도서관,서울특별시 성북구,"서울특별시 성북구 동소문로34길 73, (돈암동, 길음역 금호어울림 센터힐)103동 커뮤니티 2층"
어울림작은도서관,서울특별시 강서구,"서울특별시 강서구 마곡중앙1로 72, (마곡동, 마곡엠밸리10단지)1층"
언남돌봄 작은도서관,서울특별시 서초구,"서울특별시 서초구 강남대로10길 65, (양재동)3층"
언니네작은도서관,서울특별시 영등포구,"서울특별시 영등포구 가마산로 337, (대림동)미루빌딩 4층"
에델도서관,서울특별시 구로구,"서울특별시 구로구 천왕로 47, (천왕동)에델마을 복지회관"
에듀 NGO 작은도서관,서울특별시 종로구,"서울특별시 종로구 대학로 19, (연지동)704호"
에듀까페&#34;맘&#34;작은도서관,서울특별시 영등포구,"서울특별시 영등포구 대방천로 140-1, (신길동)신길동"
에듀카페&#39;맘&#39;작은도서관,서울특별시 마포구,"서울특별시 마포구 성미산로17길 92-1, (연남동)지층"
에듀카페맘(양천),서울특별시 양천구,"서울특별시 양천구 월정로48길 15-2, (신월동)1,2층"
에셀나무 작은도서관,서울특별시 중랑구,"서울특별시 중랑구 겸재로3길 52, (면목동)2층"
에코리치 작은도서관,서울특별시 서초구,"서울특별시 서초구 양재대로2길 109, (우면동, 서초참누리에코리치)에코리치 작은도서관"
엘림 작은도서관,서울특별시 강북구,"서울특별시 강북구 도봉로34길 43-13, (미아동)엘림 작은도서관"
엘림 작은도서관,서울특별시 강동구,"서울특별시 강동구 천호대로 1095, (천호동, 현대코아아파트)511호"
엘벧엘 T.C.S. 작은도서관,서울특별시 양천구,"서울특별시 양천구 지양로2길 30, (신월동)4층"
여의동 공립작은도서관,서울특별시 영등포구,서울특별시 영등포구 국제금융로 124(여의동주민센터) 여의동주민센터 3층
역마루작은도서관,서울특별시 은평구,서울특별시 은평구 연서로 59(역촌동주민센터)역촌동 주민센터
역마을 작은도서관,서울특별시 강서구,서울특별시 강서구 화곡로 312(화곡6동주민센터)2층
역삼2 작은도서관,서울특별시 강남구,"서울특별시 강남구 언주로 314, (역삼동)강남프라자 208호"
연세 작은도서관,서울특별시 양천구,"서울특별시 양천구 오목로 64-3, (신월동)2층"
연지타운1단지작은도서관,서울특별시 구로구,서울특별시 구로구 오류로 30(천왕연지타운1단지)103동 1층
연희동 아이누리작은도서관,서울특별시 서대문구,"서울특별시 서대문구 증가로 13-10, (연희동)연희동자치회관 2층"
연희파크푸르지오 작은도서관,서울특별시 서대문구,"서울특별시 서대문구 홍제천로 136, (연희동, 연희파크푸르지오)uz센터"
열린숲 작은도서관,서울특별시 구로구,"서울특별시 구로구 디지털로33길 27, (구로동)1층(삼성아이티밸리)"
열린작은도서관,서울특별시 노원구,서울특별시 노원구 공릉로55길 88(하계2동 주민센터)하계2동주민센터
열림카페속작은도서관,서울특별시 동작구,"서울특별시 동작구 여의대방로44길 22, (대방동)열림카페속작은도서관"
염리동문고,서울특별시 마포구,서울특별시 마포구 숭문길 14(염리동 주민센터)염리동주민센터
염창작은도서관,서울특별시 강서구,"서울특별시 강서구 공항대로75길 30, (염창동, 삼정그린코아)상가동 301호"
영광영재도서관,서울특별시 은평구,"서울특별시 은평구 갈현로7가길 10, (역촌동)제일영광교회"
영등포구지부공립작은도서관,서울특별시 영등포구,서울특별시 영등포구 국회대로 596(영등포구민회관) 구민회관 3층
영등포동 공립 작은도서관,서울특별시 영등포구,"서울특별시 영등포구 국회대로44길 4, (영등포동7가)자치회관 1층"
영등포본동 공립작은도서관,서울특별시 영등포구,서울특별시 영등포구 신길로61길 17(영등포본동주민센터)3층
영지도서관,서울특별시 중랑구,"서울특별시 중랑구 공릉로2가길 9, (묵동)B101"
예광독서방,서울특별시 중랑구,서울특별시 중랑구 면목로78길 13(예광교회)1층
예꿈틀어린이도서관,서울특별시 송파구,"서울특별시 송파구 오금로46길 28, (가락동)중원빌딩3층"
예드림작은도서관,서울특별시 광진구,"서울특별시 광진구 구의강변로 96, (구의동)현대6차종합상가 b101호"
예뜰도서관,서울특별시 은평구,서울특별시 은평구 은평로3길 7(은평비전센터)은평비젼센터 1층
예뜰작은도서관,서울특별시 강서구,서울특별시 강서구 강서로17길 133(진성빌딩)예뜰문고
예샘교회 작은도서관,서울특별시 구로구,"서울특별시 구로구 중앙로6길 40, (고척동)3층"
예인작은도서관,서울특별시 송파구,"서울특별시 송파구 오금로46길 62, (가락동)3층"
예인작은도서관,서울특별시 강서구,"서울특별시 강서구 방화대로34길 120, (마곡동, 신안빌라)201호 신안빌라상가"
오금동새마을문고(오동나무작은도서관),서울특별시 송파구,서울특별시 송파구 중대로25길 5(오금동주민센터)동주민센터 2층
오렌지나무 작은도서관,서울특별시 용산구,"서울특별시 용산구 새창로12길 13, (도원동)용문동주민센터 1층"
오류1동 새마을 작은도서관,서울특별시 구로구,"서울특별시 구로구 경인로27길 10, (오류동)2층(3층)"
오류2동 새마을 작은도서관,서울특별시 구로구,"서울특별시 구로구 오리로10길 44-5, (오류동)."
오륜동새마을문고,서울특별시 송파구,"서울특별시 송파구 양재대로 1232, (방이동)동주민센터 3층"
오손도손 우리동네 작은도서관,서울특별시 동작구,"서울특별시 동작구 양녕로 266, (상도1동)2층"
오패산마을공동체마을꿈터작은도서관,서울특별시 강북구,서울특별시 강북구 오현로 31(삼화그린빌)102호
옥수동 작은도서관,서울특별시 성동구,"서울특별시 성동구 독서당로 203, (옥수동)옥수동공공복합청사 5층"
올리브나무작은도서관 ,서울특별시 성동구,"서울특별시 성동구 독서당로 227, (옥수동)4층"
옹기종기작은도서관,서울특별시 강서구,서울특별시 강서구 공항대로61길 50(염창동지역정보센터)염창지역정보센터 내
옹기종기작은도서관,서울특별시 강동구,"서울특별시 강동구 양재대로 1512, (길동)2층"
옹달샘 작은도서관,서울특별시 강서구,서울특별시 강서구 곰달래로37길 13(화곡2동 주민센터)2층
옹달샘 작은도서관(천왕 3단지),서울특별시 구로구,"서울특별시 구로구 천왕로 56, (천왕동, 천왕 이펜하우스 3단지)천왕 이펜하우스 3단지 307동 관리사무소 옆"
와글와글 작은도서관,서울특별시 성북구,"서울특별시 성북구 길음로 141, (길음동, 신안아파트)상가동 302호"
와글와글작은도서관,서울특별시 마포구,서울특별시 마포구 월드컵북로 1983층
와서 작은도서관,서울특별시 금천구,"서울특별시 금천구 벚꽃로56길 62, (가산동)B01호"
왕십리도선동 희망문고,서울특별시 성동구,"서울특별시 성동구 마장로 141, (상왕십리동)왕십리도선동공공복합청사 2층"
왕십리제2동 작은도서관,서울특별시 성동구,"서울특별시 성동구 무학봉길 69, (하왕십리동)왕십리제2동주민센터 3층"
외갓집에가자 작은도서관,서울특별시 도봉구,"서울특별시 도봉구 우이천로44길 26, (쌍문동)b01호"
요셉의원작은도서관,서울특별시 영등포구,"서울특별시 영등포구 경인로100길 6, (영등포동)"
용강동작은도서관,서울특별시 마포구,"서울특별시 마포구 토정로31길 31, (용강동)용강동복합청사 2층"
용꿈꾸는 작은도서관,서울특별시 관악구,서울특별시 관악구 관악로 145(관악구청)1층
용답동 어린이작은도서관 ,서울특별시 성동구,"서울특별시 성동구 용답중앙23길 20, (용답동)용답동주민센터 2층"
용두 어린이 영어도서관,서울특별시 동대문구,"서울특별시 동대문구 무학로 133, (용두동)용두어린이영어도서관"
용산e편한세상 북카페,서울특별시 용산구,서울특별시 용산구 원효로 216(용산e편한세상)109동 지하1층
용신동 작은도서관,서울특별시 동대문구,"서울특별시 동대문구 천호대로27길 35, (용두동)용신동주민센터"
용암 어린이 영어도서관,서울특별시 용산구,"서울특별시 용산구 신흥로3가길 21-7, (용산동2가)2층"
우리 작은도서관,서울특별시 송파구,"서울특별시 송파구 마천로41길 17, (마천동)3층 영흥교회"
우리동네작은도서관,서울특별시 강북구,"서울특별시 강북구 덕릉로40다길 13, (번동)526-59"
우리들문고 작은도서관,서울특별시 성북구,서울특별시 성북구 돌곶이로 157(한전빌딩)4층
우리소리도서관,서울특별시 종로구,"서울특별시 종로구 삼일대로30길 47, (익선동)4~5층"
우리울,서울특별시 금천구,"서울특별시 금천구 범안로12가길 49, (독산동)2층"
우리작은도서관,서울특별시 강서구,"서울특별시 강서구 방화대로8길 42, (공항동)2층"
우물골 작은도서관,서울특별시 은평구,서울특별시 은평구 진관2로 77(은평뉴타운우물골)206동 1층
우이동 새마을문고,서울특별시 강북구,"서울특별시 강북구 삼양로139길 49, (수유동)2층 새마을문고"
운룡도서관,서울특별시 광진구,"서울특별시 광진구 자양로43길 85, (중곡동)지층"
원더풀도서관,서울특별시 노원구,"서울특별시 노원구 초안산로 19, (월계동, 월계주공2단지아파트)지하1층"
원동 글마루 작은 도서관,서울특별시 용산구,"서울특별시 용산구 원효로64길 25, (원효로2가)대한예수교 장로회 원동교회"
원효로제2동 작은도서관 두드림,서울특별시 용산구,서울특별시 용산구 효창원로8길 3(원효로제2동 주민센터)4층
월곡1동 새마을문고,서울특별시 성북구,"서울특별시 성북구 오패산로 96, (하월곡동)월곡1동 주민센터"
위드영어전문 작은도서관,서울특별시 강서구,"서울특별시 강서구 월정로32길 30, (화곡동)1층"
육사작은도서관,서울특별시 노원구,"서울특별시 노원구 화랑로 564, (공릉동, 육사아파트)1층"
은광교회도서관,서울특별시 은평구,서울특별시 은평구 통일로68길 11
은성도서관,서울특별시 구로구,"서울특별시 구로구 고척로23길 20, (개봉동)."
은송愛書家 작은도서관,서울특별시 송파구,"서울특별시 송파구 거마로7길 9-16, (거여동)지하1층"
은천동 한울작은도서관,서울특별시 관악구,서울특별시 관악구 국회단지2길 29-10(은천동자치회관)2층
은평노인종합복지관 작은 도서관,서울특별시 은평구,"서울특별시 은평구 연서로 415, (진관동)"
은평문화의집 작은도서관(응암1동 주민센터),서울특별시 은평구,서울특별시 은평구 백련산로 179(응암제1동주민센터)응암1동주민센터
은평어린이영어도서관,서울특별시 은평구,서울특별시 은평구 서오릉로 87(은평구평생학습관)1층
은평작은도서관,서울특별시 은평구,"서울특별시 은평구 은평로 195, (녹번동)은평구청 1층"
은행나무어린이도서관,서울특별시 금천구,"서울특별시 금천구 탑골로 43-8, (시흥동)"
은행정 책마당,서울특별시 양천구,"서울 양천구 신월2동오목로 110, 2층"
은혜로운 작은도서관,서울특별시 성북구,"서울특별시 성북구 월곡로4길 17, (종암동)1층"
은혜의숲 작은도서관,서울특별시 중랑구,서울특별시 중랑구 중랑역로 167은혜의 숲 교회 2층
응봉동 어린이작은도서관,서울특별시 성동구,"서울특별시 성동구 독서당로 424, (응봉동)응봉동주민센터 2층"
응암도서관,서울특별시 은평구,서울특별시 은평구 응암로16길 12-1(응암교회교육관)71--1
이니텍도서관,서울특별시 구로구,"서울특별시 구로구 벚꽃로 484, (구로동)4층"
이레 작은도서관,서울특별시 양천구,서울 양천구 목4동목동중앙남로 57-7
이룸도서관,서울특별시 구로구,"서울특별시 구로구 고척로33길 48, (고척동)이룸도서관"
이룸도서관,서울특별시 광진구,"서울특별시 광진구 용마산로 49, (중곡동)이룸도서관"
이문1동 꿈꾸는 작은도서관,서울특별시 동대문구,서울특별시 동대문구 외대역동로 114-1(이문1동 주민센터)주민센터 3층
이문2동 작은도서관,서울특별시 동대문구,"서울특별시 동대문구 신이문로 27-5, (이문동)이문2동주민센터 1층 작은도서관"
이문어린이도서관(숲속작은도서관),서울특별시 동대문구,"서울특별시 동대문구 천장산로9길 68, (이문동)이문어린이도서관(숲속작은도서관)"
이문체육문화센터 어린이도서관,서울특별시 동대문구,서울특별시 동대문구 한천로58길 81-49(이문체육센터)이문문화체육센터
이사랑나눔도서관,서울특별시 송파구,"서울특별시 송파구 거마로 58, (마천동)마천빌딩 3층"
이촌2동 작은도서관,서울특별시 용산구,서울특별시 용산구 이촌로18길 20(이촌2동 주민센터)2층
이태원 글빛작은도서관,서울특별시 용산구,"서울특별시 용산구 이태원로15길 1, (이태원동)2층"
이태원2동 회나무작은도서관,서울특별시 용산구,서울특별시 용산구 회나무로13길 58(이태원제2동주민센터).
이편한세상 도서관,서울특별시 강남구,"서울특별시 강남구 헌릉로571길 20, (세곡동, 강남엘에이치1단지)이편한세상 도서관"
이화마을 작은도서관,서울특별시 종로구,서울특별시 종로구 이화장길 33(이화동주민센터)2층
인헌동 보물섬 작은도서관,서울특별시 관악구,서울특별시 관악구 남부순환로246가길 20(인헌동주민센터)2층
일원1동 작은도서관,서울특별시 강남구,"서울특별시 강남구 양재대로55길 14, (일원동)일원1동 주민센터"
일원본동 작은도서관,서울특별시 강남구,서울특별시 강남구 광평로 126(일원본동주민센터)일원본동주민센터내
입암도서관,서울특별시 영등포구,서울특별시 영등포구 도영로 37(도림교회)비전센터1층
자양1동 새마을작은도서관,서울특별시 광진구,서울특별시 광진구 자양로13길 37(자양제1동주민센터)2층
자양2동 새마을작은도서관,서울특별시 광진구,서울특별시 광진구 자양로3가길 26(자양2동주민센터)3층
자양3동 새마을작은도서관,서울특별시 광진구,서울특별시 광진구 뚝섬로 5681층
자양4동 새마을작은도서관,서울특별시 광진구,"서울특별시 광진구 아차산로24길 17, (자양동)3층 (공공힐링센터) "
자양전통시장 작은도서관,서울특별시 광진구,"서울특별시 광진구 뚝섬로47길 45-2, (자양동)2층"
자이열린작은도서관,서울특별시 마포구,"서울특별시 마포구 서강대길 40, (대흥동, 마포자이2차아파트)마포자이2차아파트"
작고행복한청구3차도서관,서울특별시 노원구,서울특별시 노원구 중계로 233(청구3차아파트)청구3차아파트관리동2층
작은도서관 그림,서울특별시 성동구,"서울특별시 성동구 둘레11길 10-24, (성수동2가) 1층"
작은도서관 내일새싹,서울특별시 양천구,"서울특별시 양천구 월정로50길 6, (신월동)1층"
작은도서관 두루,서울특별시 강북구,"서울특별시 강북구 삼양로73길 23, (수유동)2층"
작은도서관 뜰 ,서울특별시 종로구,"서울특별시 종로구 창경궁로 287, (혜화동)2층"
작은도서관 별찌,서울특별시 강북구,"서울특별시 강북구 오현로 45, (미아동, 꿈의숲 효성해링턴플레이스)111동 104호"
작은도서관 삼봉서랑,서울특별시 종로구,서울특별시 종로구 삼봉로 43(종로구청)본관1층 
작은도서관 웃는책,서울특별시 강동구,"서울특별시 강동구 구천면로42길 60(천호동 노외주차장)1,2층"
작은도서관 책이랑 놀자,서울특별시 강북구,"서울특별시 강북구 삼양로79길 19-3, (수유동)지하1층"
작은도서관 함께놀자,서울특별시 강북구,"서울특별시 강북구 삼양로123길 14, (수유동)2층"
작은도서관 핸드인핸드,서울특별시 성북구,서울특별시 성북구 종암로14길 12-16.
작은도서관당나귀,서울특별시 서대문구,"서울특별시 서대문구 거북골로 53, (남가좌동)B1"
작은뜰작은도서관,서울특별시 강서구,"서울특별시 강서구 마곡서로 175, (마곡동, 마곡엠밸리4단지)작은뜰작은도서관"
작은새들의합창,서울특별시 서초구,"서울특별시 서초구 서초대로34가길 52, (방배동, 방배 서리풀 그랑블)지하1층"
잠실 참좋은 작은도서관,서울특별시 송파구,"서울특별시 송파구 삼전로 90, (삼전동)금화빌딩 4층"
잠실3동새마을문고,서울특별시 송파구,서울특별시 송파구 잠실로 51-31(잠실3동주민센터)동주민센터 2층
잠실4동새마을문고,서울특별시 송파구,서울특별시 송파구 올림픽로35길 16(잠실4동주민센터)동주민센터 2층
잠실6동새마을문고(장미마을작은도서관),서울특별시 송파구,서울특별시 송파구 올림픽로35길 120(잠실6동주민센터)동주민센터 3층
잠실7동새마을문고,서울특별시 송파구,서울특별시 송파구 올림픽로4길 17(아시아선수촌아파트)송파문화원 1층
잠실본동새마을문고,서울특별시 송파구,"서울특별시 송파구 백제고분로15길 9, (잠실동)동주민센터 1층"
장미작은도서관,서울특별시 중랑구,"서울특별시 중랑구 중랑천로 242, (묵동)맞은편, 중화동 346"
장안2동 작은도서관,서울특별시 동대문구,서울특별시 동대문구 사가정로 230-1(장안2동 주민센터)주민센터 3층
장안꿈마루어린이작은도서관,서울특별시 동대문구,"서울특별시 동대문구 한천로28길 5, (장안동, 시온아트빌)102동 101호"
장안마루 작은도서관,서울특별시 동대문구,"서울특별시 동대문구 사가정로23길 64, (장안동, 성우스타팰리스)1층"
장안어린이 도서관,서울특별시 동대문구,"서울특별시 동대문구 장한로26다길 10, (장안동)장안어린이 도서관"
장암교회 쉴만한 물가 작은도서관,서울특별시 성북구,서울특별시 성북구 월곡로5길 39(대한예수교장로회장암교회)
장위1동 새마을문고,서울특별시 성북구,"서울특별시 성북구 장위로 61, (장위동)장위1동 주민센터 2층"
장지동새마을문고,서울특별시 송파구,서울특별시 송파구 새말로19길 6(장지동주민센터)동주민센터 2층
전농2동 뜨락 작은도서관,서울특별시 동대문구,서울특별시 동대문구 사가정로 137(전농2동주민센터)주민센터3층
정동어린이도서관 &#39;하늘씨앗&#39;,서울특별시 중구,"서울특별시 중구 정동길 46, (정동)정동제일교회"
정든마을작은도서관,서울특별시 성북구,"서울특별시 성북구 솔샘로6길 18-8, (정릉동)2-3층"
정릉1동 새마을문고,서울특별시 성북구,"서울특별시 성북구 정릉로38마길 33, (정릉동)정릉1동 주민센터 2층"
정릉4동 새마을문고,서울특별시 성북구,"서울특별시 성북구 보국문로 106-1, (정릉동)정릉4동 주민센터 2층"
정릉푸르지오 북카페,서울특별시 성북구,서울특별시 성북구 보국문로 19(정릉푸르지오아파트)
정인꿈땅도서관,서울특별시 성북구,"서울특별시 성북구 서경로6길 70, (길음동)1층"
정임도서관,서울특별시 은평구,"서울특별시 은평구 통일로 951, (갈현동)2층"
제기동 미래뜰 작은도서관,서울특별시 동대문구,서울특별시 동대문구 약령시로 71주민센터 2층
종로수어영상도서관,서울특별시 종로구,"서울특별시 종로구 대학로3길 14, (효제동)4층"
종암2차SK뷰(아) 작은도서관,서울특별시 성북구,서울특별시 성북구 종암로24길 35(종암2차SK뷰아파트)종암2차SK뷰(아)
종암동 새마을문고,서울특별시 성북구,"서울특별시 성북구 종암로 98-8, (종암동)종암동 주민센터 3층"
종이비행기작은도서관,서울특별시 강서구,"서울특별시 강서구 남부순환로19길 50, (외발산동)202호"
좋은 맘 작은도서관,서울특별시 강북구,"서울특별시 강북구 삼양로 430, (수유동)2층"
좋은땅꿈나책 작은도서관,서울특별시 강동구,"서울특별시 강동구 풍성로37가길 58, (성내동)b1 f"
좋은친구어린이도서관,서울특별시 강서구,서울특별시 강서구 방화대로6나길 28한사랑교회2층
주님의 교회 문고,서울특별시 송파구,"서울특별시 송파구 올림픽로4길 16, (잠실동)주님의교회 5층 "
주님의숲작은도서관,서울특별시 동작구,"서울특별시 동작구 사당로17길 31, (사당동)사당중앙교회 1층"
주영광작은도서관,서울특별시 강동구,"서울특별시 강동구 양재대로115길 28, (길동)3층"
중계사랑북카페,서울특별시 노원구,서울특별시 노원구 덕릉로82길 50(중계4동주민센터)369-2 중계4동주민센터
중계종합사회복지관 CAN DO 도서관,서울특별시 노원구,"서울특별시 노원구 덕릉로 662, (중계동, 주공3단지아파트)중계종합사회복지관 CAN DO 도서관"
중계주공10단지책과친구들,서울특별시 노원구,서울특별시 노원구 노원로22길 53(주공10단지아파트)주공10단지아파트관리사무소
중곡1동 새마을작은도서관,서울특별시 광진구,서울특별시 광진구 긴고랑로12길 49(중곡제1동주민센터)중곡1동 새마을작은도서관
중곡2동 새마을작은도서관,서울특별시 광진구,서울특별시 광진구 능동로 346(중곡제2동주민센터)2층
중곡3동 새마을작은도서관,서울특별시 광진구,서울특별시 광진구 동일로76가길 28(중곡제3동주민센터)1층
중곡4동 새마을작은도서관,서울특별시 광진구,서울특별시 광진구 긴고랑로 1311층
중곡교회작은도서관,서울특별시 광진구,서울특별시 광진구 긴고랑로36길 56(중곡교회)지층
중구청 작은도서관,서울특별시 중구,서울특별시 중구 창경궁로 17(중구청)1층
중랑재미 작은도서관,서울특별시 중랑구,"서울특별시 중랑구 용마공원로 7-3, (망우동)지하1층"
중앙동 새싹 작은도서관,서울특별시 관악구,서울특별시 관악구 양녕로6다길 7(중앙동주민센터)1층
중화어린이도서관,서울특별시 중랑구,"서울특별시 중랑구 중랑역로3길 28, (중화동)중화문화복지센터3층"
즐거운가 작은도서관,서울특별시 송파구,"서울특별시 송파구 새말로 149, (문정동)지하1층"
지양마을작은도서관,서울특별시 양천구,서울 양천구 신월7동지양로17길33
지웰작은도서관,서울특별시 은평구,"서울특별시 은평구 진관4로 78-38, (진관동, 은평지웰테라스)은평지웰테라스"
지혜누리작은도서관,서울특별시 은평구,서울특별시 은평구 연서로44길 30(은평뉴타운폭포동)425동 2층
지혜만들기 작은도서관,서울특별시 종로구,서울특별시 종로구 종로35가길 19(종로5-6가동주민센터)종로56가동주민센터3층
지혜문고,서울특별시 동작구,"서울특별시 동작구 장승배기로19길 49, (노량진동)재영교회 2층"
지혜샘터 작은도서관,서울특별시 동작구,"서울특별시 동작구 상도로34길 34, (상도동)1층"
지혜어린이도서관,서울특별시 강북구,"서울특별시 강북구 도봉로65길 35, (미아동)3층"
지혜의 숲 작은도서관,서울특별시 서초구,"서울특별시 서초구 청계산로7길 43 (신원동, 서초포레스타5단지)신원동, 서초포레스타5단지"
지혜의샘 작은도서관,서울특별시 노원구,"서울특별시 노원구 동일로193가길 8, (공릉동)봉화현교회 1층"
지혜의숲,서울특별시 금천구,"서울특별시 금천구 시흥대로90길 25, (독산동)1층"
참벗영어작은도서관,서울특별시 송파구,"서울특별시 송파구 백제고분로46길 20, (송파동)3층"
참사랑평화학교 도서관,서울특별시 노원구,"서울특별시 노원구 한글비석로 93, (하계동)참사랑평화학교 4층"
참새 작은도서관 ,서울특별시 금천구,"서울특별시 금천구 한내로 69-15, (독산동, 주공13단지아파트)금천한내종합복지관 3층"
참새소풍 작은도서관(천왕 2단지),서울특별시 구로구,"서울특별시 구로구 천왕로 92, (천왕동, 천왕이펜하우스2단지)천왕이펜하우스 203동 1층 참새소풍 작은도서관"
참솔도서관,서울특별시 도봉구,"서울특별시 도봉구 시루봉로 193, (방학동)2층"
창2동 공립 작은도서관,서울특별시 도봉구,"서울특별시 도봉구 덕릉로59길 73-3, (창동)창2동주민센터"
창3동 공립 작은도서관,서울특별시 도봉구,"서울특별시 도봉구 덕릉로62길 89, (창동)창3동주민센터"
창4동 공립 작은도서관,서울특별시 도봉구,"서울특별시 도봉구 노해로 390, (창동)5층 공립 작은도서관"
창5동 공립 작은도서관,서울특별시 도봉구,"서울특별시 도봉구 도봉로136나길 20, (창동)창5동주민센터 3층"
창이 작은도서관,서울특별시 종로구,서울특별시 종로구 창신길 62(창신제2동주민센터)583-3 
채우리작은도서관,서울특별시 강동구,"서울특별시 강동구 고덕로24길 49, (암사동)암사1동자치회관 1층"
채움 작은도서관,서울특별시 강서구,서울특별시 강서구 개화동로23길 20(방화2동주민센터)2층
책과의 어울림 금호 작은도서관,서울특별시 송파구,"서울특별시 송파구 송파대로32길 15, (가락동, 가락금호아파트)금호(아) 106동 1층(가락동)"
책꾸러미작은도서관,서울특별시 강동구,"서울특별시 강동구 상암로 260, (명일동)명일2동주민센터 2층"
책누리작은도서관,서울특별시 노원구,서울특별시 노원구 중계로 143(중계본동주민센터)중계본동주민센터
책달샘숲속작은도서관,서울특별시 금천구,"서울특별시 금천구 독산로54길 188, (독산동)감로천생태공원(독산동 373)"
책뜰에 도서관,서울특별시 은평구,서울특별시 은평구 북한산로 2(은평뉴타운구파발)1023동 1층
책마루 작은도서관,서울특별시 강서구,서울특별시 강서구 강서로33가길 17(화곡3동 주민센터)2층
책사랑북카페,서울특별시 노원구,서울특별시 노원구 한글비석로 279(중계1동주민센터)중계1동주민센터
책소리 작은도서관,서울특별시 중랑구,"서울특별시 중랑구 겸재로 138, (면목동)새로운교회 2층"
책이든거리 작은도서관,서울특별시 금천구,"서울특별시 금천구 범안로 1130, (가산동)독산역 2번출구 앞"
책이랑놀이랑도서관,서울특별시 관악구,서울특별시 관악구 행운1길 12(신창문화복지센터)1675-12 신창문화복지센터 2층 책이랑놀이랑도서관
책이랑친구랑작은도서관,서울특별시 노원구,서울특별시 노원구 노원로1길 68(공릉2동청사)공릉2동주민센터
책읽는 나무 의자,서울특별시 송파구,"서울특별시 송파구 토성로19길 7, (풍납동)"
책읽는 마을,서울특별시 강북구,"서울특별시 강북구 한천로109길 67, (번동)한양아파트 상가 2층"
책읽는마을 작은도서관,서울특별시 금천구,"서울특별시 금천구 독산로74길 31, (독산동)1층"
책읽는쉼터,서울특별시 양천구,서울 양천구 신정7동목동동로 10
책읽는주민사랑방 작은도서관,서울특별시 금천구,"서울특별시 금천구 금하로21길 20, (시흥동)시흥5동주민센터 2층"
책향기작은도서관,서울특별시 강서구,서울특별시 강서구 강서로47길 54(발산1동주민센터)2층
천사작은도서관,서울특별시 강서구,"서울특별시 강서구 마곡서로 133, (마곡동, 마곡엠밸리7단지)705동 3층"
천연동 하늘샘작은도서관,서울특별시 서대문구,"서울특별시 서대문구 독립문로 27, (옥천동)하늘샘작은도서관"
천왕마을작은도서관,서울특별시 구로구,"서울특별시 구로구 천왕로 36, (천왕동)센터프라자 306호"
천주교연신내성당 북카페,서울특별시 은평구,"서울특별시 은평구 연서로43길 6, (불광동)연신내성당"
청개구리 작은도서관,서울특별시 금천구,"서울특별시 금천구 독산로 317, (독산동)독산3동주민센터 3층"
청구동작은도서관,서울특별시 중구,서울특별시 중구 다산로24가길 23(동산 공영 주차장)문화마당 1층
청룡동 숯고을 작은도서관,서울특별시 관악구,서울특별시 관악구 쑥고개로 44(청룡동주민센터)2층
청림동 푸른숲 작은도서관,서울특별시 관악구,서울특별시 관악구 관악로40길 39(청림동주민센터)3층
청소년도서관작공,서울특별시 은평구,"서울특별시 은평구 통일로 817, (대조동)대조빌딩 3층 전면부"
청소년문화공간JU역촌동 작은도서관,서울특별시 은평구,"서울특별시 은평구 역말로 14, (역촌동)3층"
청소년수련관 푸르미르,서울특별시 용산구,"서울특별시 용산구 이촌로71길 24(이촌제1동주민센터, 용산청소년수련관)5층"
청운효자동 북카페,서울특별시 종로구,서울특별시 종로구 자하문로 92(청운효자동주민센터)청운효자동 주민센터 2층
청파 어린이 영어도서관,서울특별시 용산구,"서울특별시 용산구 청파로49길 34, (청파동2가)4층"
청파도서관,서울특별시 종로구,서울 종로구 종로6가11-1
초대구름도서관,서울특별시 강동구,서울특별시 강동구 상암로27나길 13(대한예수교장로회초대교회)2층
초록길도서관,서울특별시 은평구,서울특별시 은평구 연서로5길 28(부호아파트)58-9호
초록나라작은도서관,서울특별시 도봉구,"서울특별시 도봉구 도봉로181길 65-8, (도봉동)초록나라도서관"
"초록도서관(8단지 두산,화성문고)",서울특별시 중랑구,"서울특별시 중랑구 신내로 155, (신내동, 신내8단지두산.화성아파트)신내 8단지 두산.화성아파트 관리소 2층"
초록동 작은도서관,서울특별시 강서구,"서울특별시 강서구 초록마을로14길 36, (화곡동)2층"
초록리본도서관,서울특별시 마포구,서울특별시 마포구 동교로19길 42층
초록숲작은도서관,서울특별시 마포구,"서울특별시 마포구 마포대로11길 44-81, (아현동)지하1층"
초록향기 작은도서관,서울특별시 강서구,서울특별시 강서구 초록마을로5길 29(화곡본동주민센터)2층
초안산숲속작은도서관,서울특별시 노원구,서울특별시 노원구 덕릉로60길 199초안산숲속작은도서관
충현동 알음알음작은도서관,서울특별시 서대문구,"서울특별시 서대문구 경기대로 40, (충정로3가)충현동자치회관 2층"
카페함크 작은도서관,서울특별시 구로구,"서울특별시 구로구 고척로 141, (고척동)2층"
코비나 작은도서관,서울특별시 구로구,"서울특별시 구로구 가마산로26길 27, (구로동)201호"
쿵짝쿵짝 공작소 작은도서관,서울특별시 구로구,"서울특별시 구로구 오리로 1265, (궁동, 우신빌라)우신쇼핑상가 206호"
큰꿈도서관,서울특별시 은평구,서울특별시 은평구 진관2로 57-37(은평뉴타운우물골)244동 지하1층
큰마음 작은도서관,서울특별시 강서구,서울특별시 강서구 화곡로63길 96(등촌3동주민센터)2층
큰숲글터작은도서관,서울특별시 구로구,"서울특별시 구로구 신도림로 87, (신도림동, 신도림1차동아아파트)신도림로87, 동아1차아파트 상가 지층"
키움작은도서관,서울특별시 도봉구,"서울특별시 도봉구 삼양로144길 11, (쌍문동)2층"
통인 어린이 작은도서관,서울특별시 종로구,서울특별시 종로구 자하문로13길 20(통인어린이작은도서관)통인어린이작은도서관
트리니티작은도서관,서울특별시 금천구,"서울특별시 금천구 시흥대로72길 13, (시흥동)1층"
트리베라 1차 문고,서울특별시 강북구,"서울특별시 강북구 삼양로19길 25, (미아동, 삼성래미안트리베라1차아파트)관리사무소"
파랑새작은도서관,서울특별시 노원구,"서울특별시 노원구 상계로 118, (상계동)상계2동주민센터 2층"
파랑새작은도서관,서울특별시 강동구,"서울특별시 강동구 천호대로186길 7, (둔촌동)둔촌2동주민센터 1층"
페미니즘 도서관 두잉(Doing),서울특별시 강남구,"서울특별시 강남구 삼성로 654, (삼성동)B1호"
평강마을도서관,서울특별시 광진구,서울특별시 광진구 자양번영로4길 13(평강침례교회)2층
포도나무 작은도서관,서울특별시 동대문구,"서울특별시 동대문구 장한로27가길 58, (장안동)1층"
푸르지오 책사랑,서울특별시 강남구,"서울특별시 강남구 자곡로 21, (세곡동, 세곡푸르지오아파트)푸르지오책사랑 작은도서관"
푸른 도서관,서울특별시 동작구,"서울특별시 동작구 성대로1길 6, (상도동)2층 푸른도서관"
푸른꿈 도서관,서울특별시 광진구,서울특별시 광진구 자양로32길 53(은혜제일교회)2층
푸른꿈작은도서관,서울특별시 은평구,"서울특별시 은평구 진관4로 100, (진관동, 은평뉴타운상림마을)2번지 608동 1층"
푸른나래어린이도서관,서울특별시 양천구,서울 양천구 신월3동남부순환로 340 일성빌딩 3층
푸른나무작은도서관,서울특별시 마포구,서울특별시 마포구 만리재로 48(신덕성결교회)4층
푸른별 환경도서관,서울특별시 강북구,"서울특별시 강북구 삼양로51길 22, (미아동)1층,양지마을주민공동이용시설"
푸른숲작은도서관,서울특별시 노원구,"서울특별시 노원구 동일로 1697, (상계동)상계1동주민센터"
푸른작은도서관,서울특별시 송파구,"서울특별시 송파구 위례광장로 185, (장지동, 위례신도시 송파푸르지오)Uz center내"
푸른작은도서관,서울특별시 은평구,서울특별시 은평구 연서로 455(은평뉴타운제각말아파트)537동 1층
푸른풀밭 작은도서관,서울특별시 은평구,서울특별시 은평구 은평로8길 18(창원빌딩)2층
풀뿌리문고,서울특별시 마포구,서울특별시 마포구 월드컵북로 1903층 풀뿌리문고 
풍경이 있는 작은도서관,서울특별시 서초구,"서울특별시 서초구 청계산로11길 7-12, (신원동, 서초포레스타7단지)작은도서관"
풍납1동새마을문고(바람드리작은도서관),서울특별시 송파구,서울특별시 송파구 천호대로152길 7(풍납1동주민센터)솔바람복지관1층
피치서가,서울특별시 강남구,"서울특별시 강남구 논현로168길 39, (신사동)2층"
필동작은도서관,서울특별시 중구,서울특별시 중구 필동로 11(구립 경로당)3층
하나비전센터작은도서관,서울특별시 구로구,"서울특별시 구로구 구로동로8길 7, (구로동)하나비전센터작은도서관"
하늘꿈 작은도서관,서울특별시 강서구,서울특별시 강서구 강서로45나길 19-30(내발산동근린생활시설)하늘꿈작은도서관
하늘꿈작은도서관,서울특별시 마포구,서울특별시 마포구 숭문길 36(풍성한빌딩)풍성한 교회
하늘꿈작은도서관,서울특별시 송파구,"서울특별시 송파구 오금로 473, (거여동)정림빌딩 2층"
하늘꿈작은도서관,서울특별시 서대문구,"서울특별시 서대문구 가재울로14길 4, (남가좌동)홍남제일교회"
하늘뜰작은도서관,서울특별시 강서구,"서울특별시 강서구 마곡중앙1로 71, (마곡동, 마곡13단지힐스테이트마스터)1311동 1층"
하늘마루 작은도서관(천왕 5단지),서울특별시 구로구,"서울특별시 구로구 천왕로 10, (천왕동, 천왕이펜하우스5단지)천왕이펜하우스 5단지 504동 1층 하늘마루작은도서관"
하늘비전 작은도서관,서울특별시 성북구,"서울특별시 성북구 지봉로20길 47, (보문동5가)1층"
하늘샘 작은도서관,서울특별시 서초구,"서울특별시 서초구 헌릉로8길 10-12, (신원동, 힐스테이트서초젠트리스)1층, 8호"
하늘샘어린이도서관,서울특별시 서대문구,"서울특별시 서대문구 가좌로 150, (홍은동)2층 하늘샘어린이도서관"
하늘을 나는 작으도서관,서울특별시 강북구,"서울특별시 강북구 한천로124나길 27, (번동)지층 101"
하늘작은도서관,서울특별시 노원구,서울특별시 노원구 노원로17길 56(중계2ㆍ3동주민센터)중계2.3동주민센터 4층
하늘품작은도서관,서울특별시 노원구,서울특별시 노원구 상계로23다길 33지하1층
하람도서관,서울특별시 광진구,"서울특별시 광진구 용마산로16길 18, (중곡동)1층 102호"
하이리딩 작은도서관,서울특별시 성동구,"서울특별시 성동구 마장로39가길 40, (마장동)백산빌딩 지하1층"
하품 작은도서관,서울특별시 송파구,"서울특별시 송파구 새말로6길 5, (문정동)송파교회 지하"
한강로동 작은도서관,서울특별시 용산구,서울특별시 용산구 한강대로38길 28(한강로동주민센터)3층
한국 근현대사 작은도서관,서울특별시 송파구,"서울특별시 송파구 중대로20길 51, (가락동)지하1층"
한남동 작은도서관,서울특별시 용산구,"서울특별시 용산구 이태원로 224-19, (한남동)한남동공영주차장 2층"
한내행복발전소,서울특별시 노원구,"서울특별시 노원구 마들로3길 15, (월계동)한내행복발전소"
한뜰작은도서관,서울특별시 성북구,"서울특별시 성북구 고려대로1길 17, (보문동1가)2층"
한믿음도서관,서울특별시 영등포구,"서울특별시 영등포구 대방천로12길 5-2, (신길동)1층"
한사랑문고,서울특별시 마포구,서울특별시 마포구 월드컵북로 173-1한사랑교회
한사랑작은도서관,서울특별시 양천구,"서울특별시 양천구 목동동로 33, (신정동)(한사랑교회) 5층"
한숲문고,서울특별시 동작구,"서울특별시 동작구 알마타길 37, (대방동, 대방1차e-편한세상)관리사무소 2층"
한신휴(아)북카페,서울특별시 성북구,서울특별시 성북구 동소문로15길 99(한신휴아파트).
한아람 작은도서관,서울특별시 송파구,"서울특별시 송파구 성내천로47길 38, (마천동, 송파파크데일2단지)"
한울작은도서관,서울특별시 노원구,서울특별시 노원구 한글비석로 487(상계9동주민센터)2층
함께크는우리,서울특별시 강동구,"서울특별시 강동구 고덕로61길 104, (고덕동)2층"
합정동문고,서울특별시 마포구,"서울특별시 마포구 월드컵로5길 11, (합정동)합정동 주민센터"
항동 별빛맞이 작은도서관,서울특별시 구로구,"서울특별시 구로구 서해안로 2036, (항동, 하버라인8단지)항동 하버라인 8단지805동 1층 작은도서관"
해다올 작은도서관,서울특별시 용산구,"서울특별시 용산구 신흥로 90(용산2가동 주민센터, 용산치안센터)지층"
해뜰 작은도서관,서울특별시 강서구,"서울특별시 강서구 방화대로48길 40, 방화2종합사회복지관 (방화동, 방화2단지아파트)3층"
해솔작은도서관,서울특별시 노원구,서울특별시 노원구 한글비석로 434(상계5동주민센터)167-2 상계5동주민센터
해오름 작은도서관,서울특별시 강동구,"서울특별시 강동구 상암로3길 28, (암사동)암사2동주민센터 2층"
해오름 작은도서관,서울특별시 금천구,"서울특별시 금천구 시흥대로123길 11, (독산동)4층"
해오름문고,서울특별시 마포구,서울특별시 마포구 월드컵로42길 12(상암월드컵8단지)월드컵파크8단지 내
해오름어린이작은도서관,서울특별시 영등포구,"서울특별시 영등포구 당산로44길 3, (당산동5가)608"
해오름작은도서관,서울특별시 마포구,서울특별시 마포구 신촌로26길 10(우리마포복지관(대흥동주민센터))2층
햇빛꿈이있는도서관,서울특별시 용산구,서울특별시 용산구 효창원로86가길 28(청파동교회)햇빛어린이집
행당2동 어린이 작은도서관,서울특별시 성동구,서울특별시 성동구 행당로9길 9(행당제2동주민센터)3층
행복나눔작은도서관,서울특별시 은평구,"서울특별시 은평구 갈현로11길 7, (역촌동, 현대화타운)3층 301호"
행복터 작은도서관,서울특별시 중랑구,"서울특별시 중랑구 면목로27다길 42, (면목동)면목동 656번지 샘터공원"
행복한 작은도서관,서울특별시 구로구,"서울특별시 구로구 개봉로15길 42, (개봉동)2층"
행복한래미안작은도서관,서울특별시 동작구,"서울특별시 동작구 상도로53길 8, (상도동, 래미안상도3차아파트)관리사무소 건물"
행운동 마루 작은도서관,서울특별시 관악구,서울특별시 관악구 행운1길 43(행운동주민센터)2층
허브 작은도서관,서울특별시 강동구,"서울특별시 강동구 천호대로200길 15-12, (둔촌동)1층"
허준마을 작은도서관,서울특별시 강서구,서울특별시 강서구 허준로 93(가양2동주민센터)2층
헤브론문고,서울특별시 동작구,"서울특별시 동작구 상도로 217-10, (노량진동)헤브론교회 1층"
헬리오시티중앙도서관,서울특별시 송파구,"서울특별시 송파구 송파대로 345, (가락동, 헬리오시티)헬리오시티"
혜윰 작은도서관,서울특별시 양천구,"서울특별시 양천구 신정로7길 60-2, (신정동)   "
혜윰뜰 작은도서관,서울특별시 종로구,"서울특별시 종로구 통일로 246-20, (무악동, 무악현대아파트)104동 104호"
혜화마을 북카페,서울특별시 종로구,서울특별시 종로구 혜화로 12(혜화동주민센터)혜화동 자치회관 4층
호롱불작은도서관(구 신정2동 도서방),서울특별시 양천구,서울 양천구 신정2동목동동로 152 신정2동주민센터(신정동)
홍우작은도서관,서울특별시 영등포구,"서울특별시 영등포구 국제금융로 78, (여의도동)601호"
홍은1동 햇살도서관,서울특별시 서대문구,"서울특별시 서대문구 세검정로1길 45, (홍은동)홍은1동자치회관 2층"
홍은2동 논골작은도서관,서울특별시 서대문구,"서울특별시 서대문구 연희로41가길 33, (홍은동, 청년미래공동체주택)101동 1층"
홍은2동 행복작은도서관,서울특별시 서대문구,"서울특별시 서대문구 모래내로 334, (홍은동)구청제4별관 3층"
홍제1동 새싹작은도서관,서울특별시 서대문구,"서울특별시 서대문구 통일로27길 19, (홍제동)3층"
홍제2동 꿈이있는작은도서관,서울특별시 서대문구,"서울특별시 서대문구 통일로34길 27, (홍제동)2층"
홍제3동 문화촌어린이도서관,서울특별시 서대문구,"서울특별시 서대문구 세검정로4길 32, (홍제동)2층"
홍제천작은도서관,서울특별시 서대문구,"서울특별시 서대문구 홍제내길 20, (홍제동)홍제천작은도서관"
홍파랑 북카페,서울특별시 종로구,서울특별시 종로구 송월길 154(교남동주민센터)
화곡 푸르지오 도서관,서울특별시 강서구,서울특별시 강서구 화곡로13길 107(화곡푸르지오)화곡푸르지오 도서관
화양동 새마을작은도서관,서울특별시 광진구,서울특별시 광진구 능동로17길 39(화양동주민센터)화양동 새마을작은도서관
환원어린이작은도서관,서울특별시 강서구,서울특별시 강서구 금낭화로26가길 120(지온보육원)강서지역아동복지센터
황학동작은도서관,서울특별시 중구,서울특별시 중구 난계로11길 52(황학동주민센터)3층
회기동 꿈자람 작은도서관,서울특별시 동대문구,서울특별시 동대문구 회기로25길 12-1(회기동 주민센터)주민센터 2층
회현동 작은도서관,서울특별시 중구,서울특별시 중구 퇴계로8길 46(회현동주민센터)2층
효경골 마을문고,서울특별시 은평구,서울특별시 은평구 연서로27길 31-6(갈현2동주민센터)갈현2동 주민센터
효창동 작은도서관,서울특별시 용산구,서울특별시 용산구 효창원로 161(효창동 주민센터)효창동 주민센터 3층
후암동 작은도서관 북&캠프,서울특별시 용산구,서울특별시 용산구 후암로 32-6(후암동 주민센터)2층
휘경1동 새싹마루 작은도서관,서울특별시 동대문구,서울특별시 동대문구 외대역동로6길 3(휘경1동 주민센터)주민센터 3층
휘경2동 꿈빛누리 작은도서관,서울특별시 동대문구,서울특별시 동대문구 한천로 329(휘경2동 주민센터)주민센터 4층
휴앤해피 작은도서관,서울특별시 중랑구,"서울특별시 중랑구 송림길 4, (망우동)3층"
흑석동작은도서관,서울특별시 동작구,"서울특별시 동작구 흑석한강로 11, (흑석동)"
흥부네그림책도서관,서울특별시 구로구,"서울특별시 구로구 고척로1길 30, (오류동)흥부네그림책도서관"
희망문고,서울특별시 강서구,서울특별시 강서구 화곡로18길 30-11(원흥타운)207호
힐스테이트 별빛도서관,서울특별시 성북구,서울특별시 성북구 낙산길 243-15(삼선힐스테이트아파트)108동 1층
힐즈도서관,서울특별시 강남구,"서울특별시 강남구 자곡로 101, (자곡동, 래미안 강남힐즈)커뮤니티센터"
休+밤토리SH작은도서관,서울특별시 강남구,"서울특별시 강남구 밤고개로26길 50, (율현동, 강남 한신휴플러스 6단지)작은도서관"
(신례1리)예촌작은도서관,제주특별자치도 서귀포시,제주 서귀포시 남원읍신례중앙로 37
93대대독서대학,제주특별자치도 서귀포시,제주 서귀포시 토평동산9-2
9여단새마을작은도서관,제주특별자치도 제주시,제주 제주시 연동사서함 64
가시새마을작은도서관,제주특별자치도 서귀포시,제주 서귀포시 표선면가시리 1899-1
가파리새마을작은도서관,제주특별자치도 서귀포시,"제주특별자치도 서귀포시 대정읍 가파로67번길 12-1, 가파리마을회관"
감산리새마을작은도서관,제주특별자치도 서귀포시,"제주특별자치도 서귀포시 안덕면 감산중로 32, 감산리"
갯머리작은도서관,제주특별자치도 서귀포시,제주 서귀포시 표선면일주동로 6276 (2층)
광령1리새마을작은도서관,제주특별자치도 제주시,제주특별자치도 제주시 광성로 298-1(광령1리사무소)별관1층
교래리새마을작은도서관,제주특별자치도 제주시,제주 제주시 조천읍교래3길 98
귀덕1리 새마을문고,제주특별자치도 제주시,"제주특별자치도 제주시 한림읍 귀덕로 97-2, 제주시 한림읍 귀덕로97-2"
그레이스영어작은도서관,제주특별자치도 서귀포시,"제주특별자치도 서귀포시 천제연로 103-15, (색달동)색달동"
금능꿈차롱작은도서관,제주특별자치도 제주시,"제주특별자치도 제주시 한림읍 금능길 39, "
금악리새마을작은도서관,제주특별자치도 제주시,"제주특별자치도 제주시 한림읍 금악로 2, 중산간서로 4316-6"
꿈꾸는북라이크작은도서관,제주특별자치도 제주시,"제주특별자치도 제주시 서해안로 456-8, (용담삼동)꿈꾸는 북라이크"
꿈꾸는새마을작은도서관,제주특별자치도 제주시,"제주특별자치도 제주시 화삼북로 87, (삼양이동, 엔에이치에프제주삼화1단지)111동 1층 커뮤니티센터"
꿈썸작은도서관,제주특별자치도 제주시,"제주특별자치도 제주시 남광북3길 46-12, (이도이동)꿈썸 작은도서관"
꿈틔움새마을작은도서관,제주특별자치도 서귀포시,"제주특별자치도 서귀포시 서호남로 92-15, (서호동, 제주서귀포혁신도시엘에이치1단지)꿈틔움도서관"
남원JC새마을작은도서관,제주특별자치도 서귀포시,"제주특별자치도 서귀포시 남원읍 남위남성로 22, 남원jc회관1층"
남원LH새마을작은도서관,제주특별자치도 서귀포시,"제주특별자치도 서귀포시 남원읍 남원체육관로 342, (서귀포남원엘에이치아파트)105동606호"
노형꿈틀작은도서관,제주특별자치도 제주시,제주 제주시 노형동 노형로 351
노형부영2차새마을작은도서관,제주특별자치도 제주시,제주 제주시 과원로11(노형부영2차A)
달리작은도서관,제주특별자치도 제주시,"제주특별자치도 제주시 신성로12길 21-2, (이도이동)달리작은도서관"
당오름작은도서관,제주특별자치도 제주시,"제주특별자치도 제주시 구좌읍 중산간동로 2210, 2층"
대평리새마을작은도서관,제주특별자치도 서귀포시,"제주특별자치도 서귀포시 안덕면 대평감산로 43, 대평리복지회관2층"
덕수리새마을작은도서관,제주특별자치도 서귀포시,"제주특별자치도 서귀포시 안덕면 덕수회관로 98, 덕수리 2302-5"
도남해모로새마을작은도서관,제주특별자치도 제주시,"제주특별자치도 제주시 도남서길 14, (도남동, 도남해모로리치힐아파트)105동 1층"
도련LH새마을작은도서관,제주특별자치도 제주시,제주 제주시 도련2길14
동광해바른작은도서관,제주특별자치도 서귀포시,제주 서귀포시 안덕면동광로 100번길 12
동려작은도서관,제주특별자치도 제주시,제주 제주시 이도1동광양4길 30-1
동백동산새마을작은도서관,제주특별자치도 제주시,"제주특별자치도 제주시 조천읍 중산간동로 1280, 동백동산새마을작은도서관"
동홍1새마을작은도서관,제주특별자치도 서귀포시,제주 서귀포시 동홍동147동흥아파트1단지내
동홍6새마을작은도서관,제주특별자치도 서귀포시,"제주특별자치도 서귀포시 중앙로 198-9, (동홍동, 동홍6주공아파트)관리사무소1층"
동홍대림새마을작은도서관,제주특별자치도 서귀포시,제주 서귀포시 동홍동114-7 동홍대림아파트
동화새마을작은도서관,제주특별자치도 제주시,제주 제주시 화북1동동화로1길 35
두맹이작은도서관,제주특별자치도 제주시,제주 제주시 일도2동동문로 14길 16-1
뜨란채새마을작은도서관,제주특별자치도 제주시,제주 제주시 수덕로44(뜨란채아파트)
매직오브리딩작은도서관,제주특별자치도 서귀포시,"제주특별자치도 서귀포시 중산간동로 8067, (서홍동)2층"
명월리새마을작은도서관,제주특별자치도 제주시,제주 제주시 한림읍명월로 71
반딧불이 작은도서관,제주특별자치도 제주시,"제주특별자치도 제주시 연삼로 22, (연동)4층"
보목 꿈터 작은도서관,제주특별자치도 서귀포시,제주 서귀포시 보목동칠십리로 483-1(보목동복지회관2층)
복지새마을작은도서관,제주특별자치도 제주시,제주 제주시 인다12길1(아라종합사회복지관 2층)
봉성새별작은도서관,제주특별자치도 제주시,"제주특별자치도 제주시 애월읍 봉성로 75, 2층"
봉아름작은도서관,제주특별자치도 제주시,"제주특별자치도 제주시 번영로 503, (봉개동)1층"
북촌리새마을작은도서관,제주특별자치도 제주시,제주 제주시 조천읍일주동로 1514
비양리새마을작은도서관,제주특별자치도 제주시,제주 제주시 한림읍비양도길 2
사계리새마을작은도서관,제주특별자치도 서귀포시,"제주특별자치도 서귀포시 안덕면 사계중앙로 3, 사계리사무소 2층"
사람꽃작은도서관,제주특별자치도 제주시,"제주특별자치도 제주시 천수로 52, (일도이동)2층"
사평새마을작은도서관,제주특별자치도 제주시,제주 제주시 사평4길33
산남새마을작은도서관,제주특별자치도 서귀포시,제주 서귀포시 동홍동498-2
삼달리작은도서관,제주특별자치도 서귀포시,제주 서귀포시 성산읍삼달로 209
삼화LH2새마을작은도서관,제주특별자치도 제주시,"제주특별자치도 제주시 화삼로 32, (화북이동, 제주삼화엘에이치2단지)202동"
삼화LH3새마을작은도서관,제주특별자치도 제주시,"제주특별자치도 제주시 화삼로 110, (도련이동, 제주삼화엘에이치3단지)3단지 APT"
상가리새마을작은도서관,제주특별자치도 제주시,제주 제주시 애월읍상가중길 23
상명리새마을작은도서관,제주특별자치도 제주시,제주 제주시 한림읍상명1길 16-1
상모1리새마을작은도서관,제주특별자치도 서귀포시,제주 서귀포시 대정읍상모1리 2652-2
상모3리새마을작은도서관,제주특별자치도 서귀포시,"제주특별자치도 서귀포시 대정읍 영서중로 45-4, 상모3리복지회관2층"
상모서상동새마을작은도서관,제주특별자치도 서귀포시,제주 서귀포시 대정읍상모리 3805
상승새마을작은도서관,제주특별자치도 제주시,제주 제주시 연동사서함 64-2.
상창바람소리작은도서관,제주특별자치도 서귀포시,제주 서귀포시 안덕면한창로 102
새날 작은도서관,제주특별자치도 제주시,"제주특별자치도 제주시 광양4길 32, (이도일동)탐라장애인복지관 1층"
색달새마을작은도서관,제주특별자치도 서귀포시,제주 서귀포시 색달동29221
서광서리새마을작은도서관,제주특별자치도 서귀포시,"제주특별자치도 서귀포시 안덕면 녹차분재로59번길 42, 서광서리마을회관2층"
서광이비치는새마을작은도서관,제주특별자치도 서귀포시,"제주특별자치도 서귀포시 안덕면 서광동로 17, 서광동리복지회관2층"
서귀포JC새마을작은도서관,제주특별자치도 제주시,제주 제주시 서귀동700-32
설문대어린이도서관,제주특별자치도 제주시,제주 제주시 연동신대로10길 48-9  2층
성읍2리 새마을작은도서관,제주특별자치도 서귀포시,"제주특별자치도 서귀포시 표선면 성읍이리로58번길 8, "
성짓골작은도서관,제주특별자치도 제주시,"제주특별자치도 제주시 무근성1길 9, (삼도이동)2층"
세화1리새마을작은도서관,제주특별자치도 서귀포시,제주 서귀포시 표선면세화리 1123-3
소낭새마을작은도서관,제주특별자치도 제주시,"제주특별자치도 제주시 우정로 15, (외도일동)42-7, 1층"
수산리새마을작은도서관,제주특별자치도 제주시,제주 제주시 애월읍하소로 157
신례2리 새마을작은도서관,제주특별자치도 서귀포시,"제주특별자치도 서귀포시 남원읍 공천포로 69-1, 신례2리사무소"
신머들새마을작은도서관,제주특별자치도 서귀포시,"제주특별자치도 서귀포시 서호남로 92-16, (서호동, 제주서귀포혁신도시엘에이치2단지)커뮤니티건물1층"
신천지새마을작은도서관,제주특별자치도 제주시,제주 제주시 천수로72
신촌리새마을작은도서관,제주특별자치도 제주시,제주 제주시 조천읍신촌서5길 63
아담한새마을작은도서관,제주특별자치도 서귀포시,제주특별자치도 서귀포시 홍중로 97(지산 오차드힐)지산오차드힐 아파트
아라스위첸새마을작은도서관,제주특별자치도 제주시,제주 제주시 아란9길22(아라스위첸A 109동)
아라아이파크새마을작은도서관,제주특별자치도 제주시,"제주특별자치도 제주시 인다1길 20, (아라일동, 아라아이파크)107동"
아르미새마을작은도서관,제주특별자치도 서귀포시,"제주특별자치도 서귀포시 동홍로162번길 30, (동홍동, 동홍반석아르미)관리동 2층"
연동대림새마을작은도서관,제주특별자치도 제주시,제주특별자치도 제주시 국기로 14(대림아파트)
연미새마을작은도서관,제주특별자치도 제주시,제주 제주시 연사길142 (연미마을회관 2층)
열린새마을작은도서관,제주특별자치도 제주시,제주 제주시 동화로1길10 관리동 2층
염광새마을작은도서관,제주특별자치도 제주시,제주 제주시 인다15길5-6
예래새마을작은도서관,제주특별자치도 서귀포시,"제주특별자치도 서귀포시 열리로 80, (상예동)예래새마을금고 4층"
예원새마을작은도서관,제주특별자치도 제주시,제주 제주시 애월읍예원로 95
오도새마을작은도서관,제주특별자치도 제주시,"제주특별자치도 제주시 오도길 31, (이호이동)오도마을복지회관"
오석새마을작은도서관,제주특별자치도 서귀포시,"제주특별자치도 서귀포시 중동로 43-2, (서귀동)서귀포오석학교"
온평열운이작은도서관,제주특별자치도 서귀포시,"제주특별자치도 서귀포시 성산읍 온평애향로23번길 6, 온평애향로23번길 6 (4층)"
와산작은도서관,제주특별자치도 제주시,제주 제주시 조천읍중산간동로 955
외도1차부영새마을작은도서관,제주특별자치도 제주시,제주 제주시 우정로11길22
외도2차부영새마을작은도서관,제주특별자치도 제주시,제주 제주시 우평로318. 관리동 2층
외도아름새마을작은도서관,제주특별자치도 제주시,제주 제주시 우정로18길25
용흥작은도서관,제주특별자치도 서귀포시,"제주특별자치도 서귀포시 용흥로 55, (강정동)2층"
웃토산작은도서관,제주특별자치도 서귀포시,제주 서귀포시 표선면중산간동로 5570번길 2
원당작은도서관,제주특별자치도 제주시,"제주특별자치도 제주시 선사로4길 42, (삼양일동)복지회관3층"
원앙새마을작은도서관,제주특별자치도 제주시,"제주특별자치도 제주시 원노형로 93, (노형동, 부영아파트)원앙새마을작은도서관"
월두새마을작은도서관,제주특별자치도 제주시,"제주특별자치도 제주시 월두2길 63-1, (아라이동)2층"
월드컵새마을작은도서관,제주특별자치도 제주시,제주 제주시 서광로29길25
월림리새마을작은도서관,제주특별자치도 제주시,제주 제주시 한림읍월림7길 2
위미1리새마을작은도서관,제주특별자치도 서귀포시,"제주특별자치도 서귀포시 남원읍 위미해안로 4-4, 위미1리복지회관1층"
위미2리새마을작은도서관,제주특별자치도 서귀포시,"제주특별자치도 서귀포시 남원읍 태위로 197, 위미2리복지회관1층"
유수암리새마을작은도서관,제주특별자치도 제주시,제주 제주시 애월읍유수암로 16
이도1동새마을작은도서관,제주특별자치도 제주시,제주 제주시 중앙로25길17
이도쉐마작은도서관,제주특별자치도 제주시,"제주특별자치도 제주시 구남로 46, (이도이동)"
이도주공새마을작은도서관,제주특별자치도 제주시,제주 제주시 이도2동구남로 43
이음작은도서관,제주특별자치도 제주시,"제주특별자치도 제주시 애월읍 납읍동1길 12-1, 이음작은도서관"
일도2동새마을작은도서관,제주특별자치도 제주시,제주 제주시 신선동길15  2층
일도우성새마을작은도서관,제주특별자치도 제주시,제주 제주시 태성로3
장전리새마을작은도서관,제주특별자치도 제주시,제주 제주시 애월읍장전로 106
정든새마을작은도서관,제주특별자치도 제주시,제주 제주시 정존11길68
제주서부방음도서관,제주특별자치도 제주시,"제주특별자치도 제주시 도공로 54, (도두일동)"
제주스카우트새마을작은도서관,제주특별자치도 제주시,제주 제주시 평전3길 34-1
조수1리새마을작은도서관,제주특별자치도 제주시,제주 제주시 한경면홍수암로 565
조천리새마을작은도서관,제주특별자치도 제주시,제주 제주시 조천읍남조로 3128
종달리새마을작은도서관,제주특별자치도 제주시,제주 제주시 구좌읍종달동길 3(종달리)
중앙꿈쟁이작은도서관,제주특별자치도 서귀포시,"제주특별자치도 서귀포시 동문로 55, (서귀동)2층 중앙꿈쟁이작은도서관"
지오숲새마을작은도서관,제주특별자치도 서귀포시,"제주특별자치도 서귀포시 중앙로195번길 7, (서홍동, 지오빌II)103동 101호"
참꽃 작은도서관,제주특별자치도 제주시,제주특별자치도 제주시 오라로16길 1(오라1동)
청수리새마을작은도서관,제주특별자치도 제주시,"제주특별자치도 제주시 한경면 대한로 1036, 노인회관 2층"
청풍작은도서관,제주특별자치도 제주시,제주특별자치도 제주시 청풍길 131층
추자 작은도서관,제주특별자치도 제주시,"제주특별자치도 제주시 추자면 대서5길 48-21, 추자면 종합복지관 2층"
태흥1리새마을작은도서관,제주특별자치도 서귀포시,"제주특별자치도 서귀포시 남원읍 태위로 817, 태흥1리복지회관2층"
태흥2리새마을작은도서관,제주특별자치도 서귀포시,"제주특별자치도 서귀포시 남원읍 태신로 14, 태흥2리복지회관1층"
특전사새마을작은도서관,제주특별자치도 제주시,제주 제주시 오등동산153(사서함37)
판포리새마을작은도서관,제주특별자치도 제주시,제주 제주시 한경면판포4길 39
퐁낭작은도서관,제주특별자치도 서귀포시,"제주특별자치도 서귀포시 동홍중앙로 56, (동홍동)퐁낭작은도서관"
푸른열매작은도서관,제주특별자치도 제주시,제주 제주시 조천읍조천2길 6
필승새마을작은도서관,제주특별자치도 서귀포시,제주 서귀포시 대정읍상모리 모슬포우체국 사서함 9호
하가리새마을작은도서관,제주특별자치도 제주시,제주 제주시 애월읍하가로 143
하귀1리새마을작은도서관,제주특별자치도 제주시,제주 제주시 애월읍하귀10길 5
하귀휴먼시아1단지새마을작은도서관,제주특별자치도 제주시,제주 제주시 애월읍하귀9길 45(하귀휴먼시아1단지)
하늘나무도서관,제주특별자치도 제주시,"제주특별자치도 제주시 고마로1길 26, (일도이동)"
하늘새마을작은도서관,제주특별자치도 제주시,"제주특별자치도 제주시 용문로 69, (용담이동)제주종합수송지원반"
하례1리새마을작은도서관,제주특별자치도 서귀포시,"제주특별자치도 서귀포시 남원읍 하례중앙로 95, 하례1리복지회관1층"
하례2리새마을작은도서관,제주특별자치도 서귀포시,"제주특별자치도 서귀포시 남원읍 하례돈야로 83, 하례2리사무소"
하모2리새마을작은도서관,제주특별자치도 서귀포시,"제주특별자치도 서귀포시 대정읍 신영로94번길 7, 하모2리복지회관2층"
하모3리새마을작은도서관,제주특별자치도 서귀포시,"제주특별자치도 서귀포시 대정읍 하모상가로 9, 하모3리복지회관2층"
하원애향새마을작은도서관,제주특별자치도 서귀포시,"제주특별자치도 서귀포시 하원로19번길 20-6, (하원동)하원복지회관3층"
하효새마을작은도서관,제주특별자치도 서귀포시,"제주특별자치도 서귀포시 하효중앙로 132, (하효동)하효복지회관3층"
한라마을 도서관,제주특별자치도 제주시,"제주특별자치도 제주시 일주동로 293-1, (삼양삼동)293-1"
한라새마을작은도서관,제주특별자치도 서귀포시,제주 서귀포시 대정읍상모리 모슬포우체국 사서함 5호
한일베라체새마을작은도서관,제주특별자치도 제주시,제주 제주시 신설로55
함덕리새마을작은도서관,제주특별자치도 제주시,제주 제주시 조천읍신북로 516
항운노조새마을작은도서관,제주특별자치도 제주시,제주 제주시 임항로191
해오름새마을작은도서관,제주특별자치도 제주시,제주 제주시 연화로16(해오름아파트) 104동
행복나눔 작은도서관,제주특별자치도 제주시,"제주특별자치도 제주시 원노형로 46, (노형동)206호"
혜성무지개새마을작은도서관,제주특별자치도 제주시,"제주 제주시 남광로65(이도이동,혜성무지개타운)"
호근새마을작은도서관,제주특별자치도 서귀포시,"제주특별자치도 서귀포시 호근남로 6, (호근동)호근복지회관2층"
호꼼슬로작은도서관,제주특별자치도 제주시,"제주특별자치도 제주시 연수로2길 28-4, (일도이동)호꼼슬로작은도서관"
희망새마을작은도서관,제주특별자치도 서귀포시,"제주특별자치도 서귀포시 태평로512번길 9, (동홍동, 동홍3주공아파트)상가동 104호,105호"
강서기적의도서관,부산광역시 강서구,부산광역시 강서구 명지오션시티10로 80 (명지동)
고촌어울림도서관,부산광역시 기장군,부산광역시 기장군 철마면 고촌로 51
금곡도서관,부산광역시 북구,부산광역시 북구 효열로203번길 34 (금곡동)
금정도서관,부산광역시 금정구,부산광역시 금정구 금정도서관로 33 (청룡동)
기장도서관,부산광역시 기장군,부산광역시 기장군 차성동로126번길
기장디지털도서관,부산광역시 기장군,부산광역시 기장군 기장대로
남구도서관,부산광역시 남구,부산광역시 남구 수영로267번길
내리새라도서관,부산광역시 기장군,부산광역시 기장군 기장읍 기장대로 51
느티나무도서관,부산광역시 해운대구,부산광역시 해운대구 반송2동
다대도서관,부산광역시 사하구,부산광역시 사하구 다대낙조2길 9 (다대동)
대라다목적도서관,부산광역시 기장군,부산광역시 기장군 기장읍 차성서로 86
동구도서관,부산광역시 동구,부산광역시 동구 성북로36번길 54 (범일동)
동구어린이영어도서관,부산광역시 동구,부산광역시 동구 수성로 21 (수정동)
동래읍성도서관,부산광역시 동래구,부산광역시 동래구 동래로159번길 153 (칠산동)
만덕도서관,부산광역시 북구,부산광역시 북구 은행나무로 26 (만덕동)
망미도서관,부산광역시 수영구,부산광역시 수영구 연수로315번길 23 (망미동)
맨발동무도서관,부산광역시 북구,부산 북구 화명2동
반여도서관,부산광역시 해운대구,부산광역시 해운대구 재반로282번길 38 (반여동)
부산강서도서관,부산광역시 강서구,부산광역시 강서구 공항로811번길 10 (대저2동)
부산광역시 남구 분포도서관,부산광역시 남구,부산광역시 남구 분포로 97 (용호동)
부산광역시립구덕도서관,부산광역시 서구,부산광역시 서구 대신공원로
부산광역시립구포도서관,부산광역시 북구,부산광역시 북구 구포2동
부산광역시립명장도서관,부산광역시 동래구,부산광역시 동래구 명안로46번길 35 (명장동)
부산광역시립반송도서관,부산광역시 해운대구,부산광역시 해운대구 아랫반송로 22 (반송동)
부산광역시립부전도서관,부산광역시 부산진구,부산광역시 부산진구 동천로 79 (부전동)
부산광역시립사하도서관,부산광역시 사하구,부산광역시 사하구 승학로 247 (괴정동)
부산광역시립서동도서관,부산광역시 금정구,부산광역시 금정구 서부로76번길 5 (서동)
부산광역시립시민도서관,부산광역시 부산진구,부산광역시 부산진구 월드컵대로 462 (초읍동)
부산광역시립연산도서관,부산광역시 연제구,부산광역시 연제구 고분로191번길 16 (연산동)
부산광역시립중앙도서관,부산광역시 중구,부산광역시 중구 망양로193번길
부산광역시립중앙도서관분관부산영어도서관,부산광역시 부산진구,부산 부산진구
부산광역시립중앙도서관수정분관,부산광역시 동구,부산광역시 동구 홍곡로 53 (수정동)
부산광역시립해운대도서관,부산광역시 해운대구,부산광역시 해운대구 양운로 183 (좌동)
부산도서관,부산광역시 사상구,부산광역시 사상구 사상로310번길 33 (덕포동)
부산진구어린이청소년도서관,부산광역시 부산진구,부산광역시 부산진구
사상도서관,부산광역시 사상구,부산광역시 사상구 덕상로72번길
수영구도서관,부산광역시 수영구,부산광역시 수영구 남천서로
안락누리도서관,부산광역시 동래구,부산광역시 동래구 명안로10번길 64 (안락동)
연제도서관,부산광역시 연제구,부산광역시 연제구 황령산로 612 (연산동)
영도도서관,부산광역시 영도구,부산광역시 영도구 함지로79번길 6 (동삼동)
영도어린이영어도서관,부산광역시 영도구,부산 영도구 절영로
재송어린이도서관,부산광역시 해운대구,부산광역시 해운대구 해운대로76번길
정관도서관,부산광역시 기장군,부산광역시 기장군 정관읍 정관중앙로 100
정관어린이도서관,부산광역시 기장군,부산광역시 기장군 정관읍
해운대도서관 우동분관,부산광역시 해운대구,부산광역시 해운대구 우동1로
해운대인문학도서관,부산광역시 해운대구,부산광역시 해운대구 반여로 132 (반여동)
화명도서관,부산광역시 북구,부산광역시 북구 화명대로12번길
4.19 혁명기념 도서관,서울특별시 종로구,서울특별시 종로구 평동
가락몰도서관,서울특별시 송파구,서울특별시 송파구 양재대로 932 (가락동)
가온도서관,서울특별시 중구,서울특별시 중구 동호로14길
갈산도서관,서울특별시 양천구,서울특별시 양천구 목동남로 4길
강남구립 역삼푸른솔 도서관,서울특별시 강남구,서울특별시 강남구 테헤란로8길 36 (역삼동)
강남구립못골도서관,서울특별시 강남구,서울특별시 강남구 자곡로 116 (자곡동)
강남구립열린도서관,서울특별시 강남구,서울특별시 강남구 일원로 115 (일원동)
강동구립강일도서관,서울특별시 강동구,서울특별시 강동구 아리수로93길
강동구립둔촌도서관,서울특별시 강동구,서울특별시 강동구 동남로49길 21-8 (둔촌동)
강동구립성내도서관,서울특별시 강동구,서울특별시 강동구 성안로
강동구립암사도서관,서울특별시 강동구,서울특별시 강동구 고덕로20길 42 (암사동)
강동구립천호도서관,서울특별시 강동구,서울특별시 강동구 성안로31마길 1 (천호동)
강동구립해공도서관,서울특별시 강동구,서울특별시 강동구 올림픽로 702
강북문화정보도서관,서울특별시 강북구,서울특별시 강북구 오현로 145 (번동)
강북청소년문화정보도서관,서울특별시 강북구,서울특별시 강북구 삼양로 54길 68
강서구립 곰달래도서관,서울특별시 강서구,서울특별시 강서구 강서로5길 50 (화곡동)
강서구립 등빛도서관,서울특별시 강서구,서울특별시 강서구 강서로62길 48 (등촌동)
강서구립 푸른들청소년도서관,서울특별시 강서구,서울특별시 강서구 강서로45다길 71 (화곡동)
강서구립가양도서관,서울특별시 강서구,서울특별시 강서구 양천로61길
강서구립우장산숲속도서관,서울특별시 강서구,서울특별시 강서구 우현로 34 (화곡동)
강서길꽃어린이도서관,서울특별시 강서구,서울특별시 강서구 금낭화로24길
강서꿈꾸는어린이도서관,서울특별시 강서구,서울특별시 강서구 공항대로 615 (염창동)
강서영어도서관,서울특별시 강서구,서울특별시 강서구 곰달래로57가길
개봉도서관,서울특별시 구로구,서울특별시 구로구 개봉로16길
개봉어린이도서관,서울특별시 구로구,서울특별시 구로구 경인로 318-15 (개봉동)
개울건강도서관,서울특별시 양천구,서울특별시 양천구 중앙로52길
거마도서관,서울특별시 송파구,서울 송파구 거여2동
공릉행복발전소,서울특별시 노원구,서울특별시 노원구 동일로179길 22 (공릉동)
관악중앙도서관,서울특별시 관악구,서울특별시 관악구 신림로3길 35 (신림동)
광진정보도서관,서울특별시 광진구,서울특별시 광진구 아차산로78길 90 (광장동)
구로구립 온누리도서관,서울특별시 구로구,서울특별시 구로구 구로중앙로27나길 9 (구로동)
구로기적의도서관,서울특별시 구로구,서울특별시 구로구 구로중앙로40길 24 (신도림동)
구로꿈나무도서관,서울특별시 구로구,서울특별시 구로구 구로동로26길 54 2층 (구로동 741-27)
구립구산동도서관마을,서울특별시 은평구,서울특별시 은평구 연서로13길 29-23 (구산동)
구립김영삼도서관,서울특별시 동작구,서울특별시 동작구 매봉로 1 (상도1동)
구립상림도서관,서울특별시 은평구,서울특별시 은평구 진관4로 48-25 (진관동)
구립은평뉴타운도서관,서울특별시 은평구,서울특별시 은평구 진관2로 111-51 (진관동)
구립증산정보도서관,서울특별시 은평구,서울특별시 은평구 증산로5길 6 (증산동)
구의제3동도서관,서울특별시 광진구,서울특별시 광진구 강변역로
궁동어린이도서관,서울특별시 구로구,서울특별시 구로구 오리로 1352 (궁동)
글마루한옥어린이도서관,서울특별시 구로구,서울특별시 구로구 고척로27바길 7 (개봉동)
글빛도서관,서울특별시 성북구,서울특별시 성북구 길음로7길 20 (길음동)
글빛정보도서관,서울특별시 관악구,서울특별시 관악구 관악로30길 23 (봉천동)
금천구립가산도서관,서울특별시 금천구,서울특별시 금천구 가산로5길
금천구립금나래도서관,서울특별시 금천구,서울특별시 금천구 시흥대로73길
금천구립독산도서관,서울특별시 금천구,서울특별시 금천구 독산로54길 114 (독산동)
금천구립시흥도서관,서울특별시 금천구,서울특별시 금천구 금하로
꿈마을 도서관,서울특별시 구로구,서울특별시 구로구 디지털로27다길 65
남산타운문화체육센터 어린이도서관,서울특별시 중구,서울특별시 중구 다산로
내를건너서숲으로도서관,서울특별시 은평구,서울특별시 은평구 증산로17길 50 (신사동)
노원어린이도서관,서울특별시 노원구,서울특별시 노원구 한글비석로 346 (중계동)
노원정보도서관,서울특별시 노원구,서울특별시 노원구 노원로34길
논현도서관,서울특별시 강남구,서울특별시 강남구 학동로43길 17 (논현동)
달빛마루도서관,서울특별시 성북구,서울 성북구 하월곡동
대림도서관,서울특별시 영등포구,서울특별시 영등포구 도신로 27 (대림동)
대방어린이도서관,서울특별시 동작구,서울특별시 동작구 대방동길
대치도서관,서울특별시 강남구,"서울특별시 강남구 삼성로 212 (대치동, 은마아파트)"
도곡정보문화도서관,서울특별시 강남구,서울특별시 강남구 도곡로18길 57 (도곡동)
도봉기적의도서관,서울특별시 도봉구,서울특별시 도봉구 마들로 797 (도봉동)
도봉문화정보도서관,서울특별시 도봉구,서울특별시 도봉구 덕릉로 315 (창동)
도봉아이나라도서관,서울특별시 도봉구,서울특별시 도봉구 노해로69길 151 (창동)
돌마리도서관,서울특별시 송파구,서울특별시 송파구 백제고분로37길 16 (석촌동)
동대문구 답십리 도서관,서울특별시 동대문구,서울특별시 동대문구 서울시립대로4길 75 (답십리동)
동대문구정보화도서관,서울특별시 동대문구,서울특별시 동대문구 회기로10길 60 (청량리동)
동대문책마당도서관,서울특별시 동대문구,"서울특별시 동대문구 천호대로 145 (용두동), 1층"
동작어린이도서관,서울특별시 동작구,서울특별시 동작구 장승배기로16길 98 (노량진동)
둘리도서관,서울특별시 도봉구,서울특별시 도봉구 시루봉로1길 6 (쌍문동)
마포구립서강도서관,서울특별시 마포구,서울특별시 마포구 독막로 165 (창전동)
마포구립하늘도서관,서울특별시 마포구,서울특별시 마포구 월드컵로 212 (성산동)
마포중앙도서관,서울특별시 마포구,서울특별시 마포구 성산로 128 (성산동)
마포푸르메어린이도서관,서울특별시 마포구,서울특별시 마포구
명성교회도서관,서울특별시 강동구,서울특별시 강동구 명일동
목마교육도서관,서울특별시 양천구,서울특별시 양천구 목동서로 41
못골한옥어린이도서관,서울특별시 강남구,서울특별시 강남구 자곡로7길 3 (자곡동)
문래도서관,서울특별시 영등포구,서울특별시 영등포구 문래로20길 49 (문래동3가)
미감도서관,서울특별시 양천구,서울특별시 양천구 목동중앙남로 57-10 (목동)
미아문화정보도서관,서울특별시 강북구,서울특별시 강북구 솔매로49길 14 (미아동)
방배도서관,서울특별시 서초구,서울특별시 서초구 방배로 40 (방배동)
방아다리문학도서관,서울특별시 양천구,서울특별시 양천구 화곡로4길 10 (신월동)
배봉산 숲속도서관,서울특별시 동대문구,서울특별시 동대문구 전농로16길 97 (전농동)
불암도서관,서울특별시 노원구,서울특별시 노원구 중계로 106 (중계동)[*미고시]
사당솔밭도서관,서울특별시 동작구,서울특별시 동작구 솔밭로 86
삼각산어린이도서관,서울특별시 강북구,서울특별시 강북구 삼양로19길 34 (미아동)
상계문화정보도서관,서울특별시 노원구,서울시 노원구 동일로243길 57
서대문구립남가좌새롬어린이도서관,서울특별시 서대문구,서울 서대문구 남가좌2동
서대문구립이진아기념도서관,서울특별시 서대문구,서울특별시 서대문구 독립문공원길 80 (현저동)
서대문구립홍은도담도서관,서울특별시 서대문구,서울특별시 서대문구 홍은중앙로 129 (홍은동)
서울도서관,서울특별시 중구,서울특별시 중구 세종대로 110 (태평로1가)
서울특별시교육청강남도서관,서울특별시 강남구,서울특별시 강남구 선릉로116길 45 (삼성동)
서울특별시교육청강동도서관,서울특별시 강동구,서울특별시 강동구 양재대로116길 57 (길동)
서울특별시교육청강서도서관,서울특별시 강서구,서울특별시 강서구 등촌로51나길 29 (등촌동)
서울특별시교육청개포도서관,서울특별시 강남구,서울특별시 강남구 선릉로4길 30 (개포동)
서울특별시교육청고덕평생학습관,서울특별시 강동구,서울특별시 강동구 고덕로
서울특별시교육청고척도서관,서울특별시 구로구,서울특별시 구로구 고척로45길 31 (고척동)
서울특별시교육청구로도서관,서울특별시 구로구,서울특별시 구로구 공원로 15 (구로동)
서울특별시교육청남산도서관,서울특별시 용산구,서울특별시 용산구 소월로 109 (후암동)
서울특별시교육청노원평생학습관,서울특별시 노원구,서울특별시 노원구 동일로204길 13 (중계동)
서울특별시교육청도봉도서관,서울특별시 도봉구,서울특별시 도봉구 삼양로 556 (쌍문동)
서울특별시교육청동대문도서관,서울특별시 동대문구,서울특별시 동대문구 천호대로4길 22 (신설동)
서울특별시교육청동작도서관,서울특별시 동작구,서울특별시 동작구 장승배기로
서울특별시교육청마포평생학습관,서울특별시 마포구,서울특별시 마포구 홍익로2길 16 (서교동)
서울특별시교육청마포평생학습관 아현분관,서울특별시 마포구,서울특별시 마포구 마포대로 224 (아현동)
서울특별시교육청서대문도서관,서울특별시 서대문구,서울특별시 서대문구 모래내로 412 (연희동)
서울특별시교육청송파도서관,서울특별시 송파구,서울특별시 송파구 동남로 263
서울특별시교육청양천도서관,서울특별시 양천구,서울특별시 양천구 목동서로 113 (목동)
서울특별시교육청어린이도서관,서울특별시 종로구,서울특별시 종로구 사직로9길 7 (사직동)
서울특별시교육청영등포평생학습관,서울특별시 영등포구,서울특별시 영등포구 버드나루로 15길 10(당산동)
서울특별시교육청용산도서관,서울특별시 용산구,서울특별시 용산구 두텁바위로 160 (후암동)
서울특별시교육청정독도서관,서울특별시 종로구,서울특별시 종로구 북촌로5길 48 (화동)
서울특별시교육청종로도서관,서울특별시 종로구,서울특별시 종로구 사직로9길 15-14 (사직동)
서이도서관,서울특별시 서초구,서울특별시 서초구 서초대로70길 51 (서초동)
서초구립내곡도서관,서울특별시 서초구,서울특별시 서초구 청계산로7길 9-20 (신원동)
서초구립반포도서관,서울특별시 서초구,서울특별시 서초구 고무래로 34 (반포동)
서초구립양재도서관,서울특별시 서초구,서울특별시 서초구 양재천로 33 (양재동)
서초그림책도서관,서울특별시 서초구,서울특별시 서초구 명달로 150 (서초동)
서초청소년도서관,서울특별시 서초구,서울특별시 서초구 효령로77길 37 (서초동)
석관동미리내도서관,서울특별시 성북구,서울특별시 성북구 한천로66길 203 (석관동)
선유도서관,서울특별시 영등포구,서울특별시 영등포구 선유로43가길 10-8 (양평동3가)
성동구립금호도서관,서울특별시 성동구,서울특별시 성동구 금호동1가
성동구립도서관,서울특별시 성동구,서울특별시 성동구 고산자로10길
성동구립무지개도서관,서울특별시 성동구,서울특별시 성동구 고산자로 270 (행당동)
성동구립성수도서관,서울특별시 성동구,서울특별시 성동구 뚝섬로1길 43 (성수동1가)
성동구립숲속도서관,서울특별시 성동구,서울특별시 성동구 매봉길 49-29 (옥수동)
성동구립용답도서관,서울특별시 성동구,서울특별시 성동구 용답중앙3길 10 (용답동)
성동구립청계도서관,서울특별시 성동구,서울특별시 성동구 마장로 141 (상왕십리동)
성북구립 청수도서관,서울특별시 성북구,서울특별시 성북구 보국문로16가길
성북길빛도서관,서울특별시 성북구,서울특별시 성북구 숭인로8길 52 (길음동)
성북정보도서관,서울특별시 성북구,서울특별시 성북구
성현동작은도서관,서울특별시 관악구,서울특별시 관악구 관악로37길 56 (봉천동)
소나무언덕2호작은도서관,서울특별시 송파구,서울 송파구 석촌호수로 155
소나무언덕3호 작은도서관,서울특별시 송파구,서울 송파구 마천1동
소나무언덕잠실본동도서관,서울특별시 송파구,서울특별시 송파구 탄천동로 205 (잠실동)
손기정어린이도서관,서울특별시 중구,서울특별시 중구 손기정로 101-1 (만리동2가)
솔샘문화정보도서관,서울특별시 강북구,서울특별시 강북구 솔샘로
송중문화정보도서관,서울특별시 강북구,서울특별시 강북구 도봉로20나길 6 (미아동)
송파글마루도서관,서울특별시 송파구,서울특별시 송파구 충민로 120 (장지동)
송파어린이도서관,서울특별시 송파구,서울 송파구 잠실동
송파어린이영어작은도서관,서울특별시 송파구,서울특별시 송파구 오금로 1 (신천동)
송파위례도서관,서울특별시 송파구,서울특별시 송파구 위례광장로 210 (장지동)
수유문화정보도서관,서울특별시 강북구,서울 강북구 수유1동
신월음악도서관,서울특별시 양천구,서울특별시 양천구 오목로5길
쌍문채움도서관,서울특별시 도봉구,서울특별시 도봉구 우이천로 340 (쌍문동)
아름꿈 도서관,서울특별시 종로구,서울특별시 종로구 종로58가길
아리랑도서관,서울특별시 성북구,서울특별시 성북구 아리랑로 82 (돈암동)
아리랑어린이도서관,서울특별시 성북구,"서울특별시 성북구 아리랑로 75 (돈암동, 돈암코오롱하늘채)"
약수도서관,서울특별시 동작구,서울특별시 동작구 양녕로22바길 64 (상도동)
양원숲속도서관,서울특별시 중랑구,서울특별시 중랑구 송림길 172 (망우동)
양천구 영어특성화도서관,서울특별시 양천구,서울특별시 양천구 목동동로 81 (신정동)
어린이청소년국학도서관,서울특별시 종로구,서울특별시 종로구 명륜길 26 (명륜3가)
어울림도서관,서울특별시 중구,서울특별시 중구 다산로38길 66-35 (신당동)
여의샛강마을도서관,서울특별시 영등포구,서울특별시 영등포구 여의대로
역삼도서관,서울특별시 강남구,서울특별시 강남구 역삼로7길 16 (역삼동)
용산 꿈나무도서관,서울특별시 용산구,서울특별시 용산구 백범로 329 (원효로1가)
월계문화정보도서관,서울특별시 노원구,서울특별시 노원구 월계로 319 (월계동)
월계어린이도서관,서울특별시 노원구,서울특별시 노원구 월계로42길 9 (월계동)
월곡꿈그림도서관,서울특별시 성북구,서울특별시 성북구 화랑로13길 17 (하월곡동)
은뜨락도서관,서울특별시 은평구,"서울특별시 은평구 통일로 972 (진관동, 은뜨락)"
은천동작은도서관,서울특별시 관악구,서울특별시 관악구 봉천로33나길 30 (봉천동)
은평구립도서관,서울특별시 은평구,서울특별시 은평구 통일로78가길 13-84(불광동)
응암정보도서관,서울특별시 은평구,서울특별시 은평구 가좌로7길 15 (응암동)
자양제4동도서관,서울특별시 광진구,서울특별시 광진구 뚝섬로26길 58 (자양동)
자양한강도서관,서울특별시 광진구,서울특별시 광진구 뚝섬로52길 66 (자양동)
잠원도서관,서울특별시 서초구,서울특별시 서초구 나루터로 38 (잠원동)
장위행복누림도서관,서울특별시 성북구,서울특별시 성북구 장위로21다길 53 (장위동)
정다운도서관,서울특별시 강남구,서울특별시 강남구 학동로67길
정릉도서관,서울특별시 성북구,서울특별시 성북구 정릉로 242 (정릉동)
조원도서관,서울특별시 관악구,서울특별시 관악구 조원로12길 25 (신림동)
종암동새날도서관,서울특별시 성북구,서울 성북구 종암로 98-8
중곡문화체육센터도서관,서울특별시 광진구,서울특별시 광진구 능동로 433 (중곡동)
중랑구립면목정보도서관,서울특별시 중랑구,서울특별시 중랑구 면목로 397 (면목동)
중랑구립정보도서관,서울특별시 중랑구,서울특별시 중랑구 신내로15길 197 (묵동)
중랑상봉도서관,서울특별시 중랑구,서울특별시 중랑구 동일로114길 10 (상봉동)
중랑숲어린이도서관,서울특별시 중랑구,서울특별시 중랑구
즐거운도서관,서울특별시 강남구,"서울특별시 강남구 도곡로77길 23, 4층 (대치동)"
지샘터 올림픽공원도서관,서울특별시 송파구,서울특별시 송파구 올림픽로
청담도서관,서울특별시 강남구,서울특별시 강남구 압구정로79길 26 (청담동)
청운문학도서관,서울특별시 종로구,서울특별시 종로구
청파도서관,서울특별시 용산구,서울특별시 용산구 청파로93길
하늘도서관,서울특별시 구로구,서울특별시 구로구 구로동로13길 68 (구로동)
학마을도서관,서울특별시 도봉구,서울특별시 도봉구 시루봉로 128 (방학동)
한국학생도서관,서울특별시 중구,서울특별시 중구 동호로27길
한내지혜의 숲 도서관,서울특별시 노원구,서울특별시 노원구 마들로 86 (월계동)
해맞이역사도서관,서울특별시 양천구,서울특별시 양천구 지양로 37 (신월동)
해오름도서관,서울특별시 성북구,서울 성북구 돈암동
행복한도서관,서울특별시 강남구,서울특별시 강남구 영동대로65길 24 (대치동)
향기나무도서관,서울특별시 노원구,"서울특별시 노원구 노원로 331 (중계동, 시영3단지목련아파트)"
화랑도서관,서울특별시 노원구,서울특별시 노원구 노원로1나길 10 (공릉동)
휘경어린이도서관,서울특별시 동대문구,서울특별시 동대문구 망우로18가길 38
동녘도서관,제주특별자치도 제주시,제주특별자치도 제주시 구좌읍 일주동로 3148
서귀포기적의도서관,제주특별자치도 서귀포시,제주특별자치도 서귀포시 일주동로 8593 (동홍동)
서귀포도서관,제주특별자치도 서귀포시,제주특별자치도 서귀포시 중앙로150번길 4-1 (동홍동)
서귀포시동부도서관,제주특별자치도 서귀포시,제주특별자치도 서귀포시 일주동로 8232 (신효동)
서귀포시삼매봉도서관,제주특별자치도 서귀포시,제주특별자치도 서귀포시 남성중로153번길
서귀포시서부도서관,제주특별자치도 서귀포시,제주특별자치도 서귀포시 중문관광로 346 (중문동)
서귀포시중앙도서관,제주특별자치도 서귀포시,제주특별자치도 서귀포시 김정문화로
성산일출도서관,제주특별자치도 서귀포시,제주특별자치도 서귀포시 성산읍 고성오조로 133
송악도서관,제주특별자치도 서귀포시,제주특별자치도 서귀포시 동일하모로149번길
안덕산방도서관,제주특별자치도 서귀포시,제주특별자치도 서귀포시 화순서서로
애월도서관,제주특별자치도 제주시,제주특별자치도 제주시 애월읍 일주서로 6339
제남도서관,제주특별자치도 서귀포시,제주특별자치도 서귀포시 남원체육관로
제주꿈바당어린이도서관,제주특별자치도 제주시,제주특별자치도 제주시 연오로 140 (연동)
제주도서관,제주특별자치도 제주시,제주특별자치도 제주시 연삼로 489 (이도이동)
제주시기적의도서관,제주특별자치도 제주시,제주특별자치도 제주시 동광로12길
제주시우당도서관,제주특별자치도 제주시,제주특별자치도 제주시 사라봉동길
제주특별자치도 한라도서관,제주특별자치도 제주시,제주특별자치도 제주시 오남로 221 (오라이동)
조천읍도서관,제주특별자치도 제주시,제주특별자치도 제주시 조천읍 일주동로 1189
탐라도서관,제주특별자치도 제주시,제주특별자치도 제주시 정원로 50 (노형동)
표선도서관,제주특별자치도 서귀포시,제주특별자치도 서귀포시 표선백사로110번길
한경도서관,제주특별자치도 제주시,제주특별자치도 제주시 한경면 신한로 13
한수풀도서관,제주특별자치도 제주시,제주특별자치도 제주시 한림상로
전국중고도서점,부산광역시 강서구,4
전국중고도서점,부산광역시 금정구,2
전국중고도서점,부산광역시 기장군,1
전국중고도서점,부산광역시 남구,2
전국중고도서점,부산광역시 동구,0
전국중고도서점,부산광역시 동래구,2
전국중고도서점,부산광역시 부산진구,1
전국중고도서점,부산광역시 북구,1
전국중고도서점,부산광역시 사상구,0
전국중고도서점,부산광역시 사하구,4
전국중고도서점,부산광역시 서구,0
전국중고도서점,부산광역시 수영구,4
전국중고도서점,부산광역시 연제구,2
전국중고도서점,부산광역시 영도구,0
전국중고도서점,부산광역시 중구,5
전국중고도서점,부산광역시 해운대구,7
전국중고도서점,서울특별시 강남구,5
전국중고도서점,서울특별시 강동구,3
전국중고도서점,서울특별시 강북구,3
전국중고도서점,서울특별시 강서구,6
전국중고도서점,서울특별시 관악구,9
전국중고도서점,서울특별시 광진구,5
전국중고도서점,서울특별시 구로구,3
전국중고도서점,서울특별시 금천구,0
전국중고도서점,서울특별시 노원구,3
전국중고도서점,서울특별시 도봉구,2
전국중고도서점,서울특별시 동대문구,22
전국중고도서점,서울특별시 동작구,6
전국중고도서점,서울특별시 마포구,4
전국중고도서점,서울특별시 서대문구,4
전국중고도서점,서울특별시 서초구,0
전국중고도서점,서울특별시 성동구,0
전국중고도서점,서울특별시 성북구,3
전국중고도서점,서울특별시 송파구,6
전국중고도서점,서울특별시 양천구,1
전국중고도서점,서울특별시 영등포구,1
전국중고도서점,서울특별시 용산구,2
전국중고도서점,서울특별시 은평구,6
전국중고도서점,서울특별시 종로구,9
전국중고도서점,서울특별시 중구,3
전국중고도서점,서울특별시 중랑구,2
전국중고도서점,제주특별자치도 서귀포시,2
전국중고도서점,제주특별자치도 제주시,3